video_id,segment_id,segment_sec,start_time,end_time,character,expected_emotion,predicted_emotion,detection_count,character_count,emotion_count,mismatch_score,entropy_score,transition_score,diversity_score,emotion_confidence_score,expected_emotion_probability,emotion_intensity_score,emotion_distance_score,valence_flip_rate,arousal_change_score,emotion_change_count,emotion_change_rate,character_emotion_rarity_score,youtube_highlight_score,is_highlight,mismatch_delta,entropy_delta,dominant_emotion_changed,surprise_spike,rolling_mismatch_mean_15sec,rolling_entropy_std_15sec,high_mismatch_duration_sec,highlight_rank_score,highlight_score_temporal_smoothed,highlight_temporal_smooth_rank_score,emotion_missing,has_detection,seconds_since_last_detection,mismatch_score_vs_prev3,mismatch_score_spike_vs_prev3max,entropy_score_vs_prev3,entropy_score_spike_vs_prev3max,transition_score_vs_prev3,transition_score_spike_vs_prev3max,diversity_score_vs_prev3,diversity_score_spike_vs_prev3max,emotion_confidence_score_vs_prev3,emotion_confidence_score_spike_vs_prev3max,emotion_intensity_score_vs_prev3,emotion_intensity_score_spike_vs_prev3max,mismatch_score_is_local_peak,mismatch_score_vs_neighbor_mean,mismatch_score_vs_local5_mean,mismatch_score_ratio_to_local5_max,entropy_score_is_local_peak,entropy_score_vs_neighbor_mean,entropy_score_vs_local5_mean,entropy_score_ratio_to_local5_max,transition_score_is_local_peak,transition_score_vs_neighbor_mean,transition_score_vs_local5_mean,transition_score_ratio_to_local5_max,diversity_score_is_local_peak,diversity_score_vs_neighbor_mean,diversity_score_vs_local5_mean,diversity_score_ratio_to_local5_max,emotion_confidence_score_is_local_peak,emotion_confidence_score_vs_neighbor_mean,emotion_confidence_score_vs_local5_mean,emotion_confidence_score_ratio_to_local5_max,emotion_intensity_score_is_local_peak,emotion_intensity_score_vs_neighbor_mean,emotion_intensity_score_vs_local5_mean,emotion_intensity_score_ratio_to_local5_max,mismatch_score_x_detected,entropy_score_x_detected,transition_score_x_detected,diversity_score_x_detected,surprise_spike_x_detected,emotion_intensity_score_x_detected,relative_time,is_late_part,is_middle_part,predicted_youtube_highlight_score_temporal_v2_raw,predicted_youtube_highlight_score_temporal_v2_smoothed,temporal_v2_residual_smoothed,data_split,predicted_top_highlight_raw,predicted_top_highlight_smoothed,predicted_top_highlight_diverse_smoothed
vW0IQoSweVI,312,5,1555,1560,,,,0,0,0,0.0,0.0,0.0,0.0,0.0,0.0,0.0,0.0,0.0,0.0,0,0.0,0.0,0.8777138527831045,1,0.0,0.0,0,0.0,0.0,0.0,0,0.9857549857549858,0.8751967337747575,0.9829059829059829,1,0,20,0.0,0.0,0.0,0.0,0.0,0.0,0.0,0.0,0.0,0.0,0.0,0.0,1,0.0,0.0,0.0,1,0.0,0.0,0.0,1,0.0,0.0,0.0,1,0.0,-0.025396825396825355,0.0,1,0.0,-0.18542129993438716,0.0,1,0.0,-0.19613803420215842,0.0,0.0,0.0,0.0,0.0,0.0,0.0,0.8885714285714286,1,0,0.9681622614207829,0.966802028938648,-0.08908817615554343,train,1,1,1
vW0IQoSweVI,310,5,1545,1550,,,,0,0,0,0.0,0.0,0.0,0.0,0.0,0.0,0.0,0.0,0.0,0.0,0,0.0,0.0,0.9135127705303144,1,0.0,0.0,0,0.0,0.2333333333333334,0.0,0,0.9943019943019943,0.9047344113770707,0.9943019943019943,1,0,10,-0.4416666666666667,-0.7,-0.23747145807201483,-0.7124143742160444,-0.49999999999999983,-0.75,-0.1931216931216928,-0.4523809523809523,-0.3024351894855498,-0.4644166380167007,-0.3811498174744579,-0.6050415055826304,1,0.0,-0.14000000000000004,0.0,1,0.0,0.0,0.0,1,0.0,-0.15,0.0,1,0.0,-0.025396825396825355,0.0,1,0.0,-0.08857778608798975,0.0,1,0.0,-0.12100830111652608,0.0,0.0,0.0,0.0,0.0,0.0,0.0,0.8828571428571429,1,0,0.9677124113293831,0.9582457941872047,-0.04473302365689025,train,1,1,1
vW0IQoSweVI,323,5,1610,1615,,,,0,0,0,0.0,0.0,0.0,0.0,0.0,0.0,0.0,0.0,0.0,0.0,0,0.0,0.0,0.6934595260080024,1,0.0,-0.3562071871080222,0,0.0,0.0,0.2056563153640955,0,0.9487179487179487,0.6909573701835936,0.9430199430199431,1,0,5,0.0,0.0,-0.11873572903600743,-0.3562071871080222,0.0,0.0,-0.08465608465608436,-0.2539682539682539,-0.17230692009131107,-0.5169207602739334,-0.1868173710536211,-0.5604521131608633,1,0.0,-0.16000000000000006,0.0,0,-0.1781035935540111,-0.0712414374216045,0.0,1,0.0,0.0,0.0,0,-0.12698412698412695,-0.07619047619047611,0.0,0,-0.2584603801369667,-0.15993212759494776,0.0,0,-0.28022605658043165,-0.2536528787855058,0.0,0.0,0.0,0.0,0.0,0.0,0.0,0.92,1,0,0.9392339122584549,0.9343755962329297,-0.24091607022492723,train,1,1,1
vW0IQoSweVI,314,5,1565,1570,Anger,angry,angry,1,1,1,0.0,-0.0,0.0,0.1269841269841269,0.927106499671936,0.927106499671936,0.980690171010792,0.0,0.0,0.0,0,0.0,0.747191011235955,0.6741864031799399,1,0.0,-0.0,0,0.0,0.0,0.0,0,0.9344729344729344,0.7219202752720759,0.9458689458689459,0,1,0,0.0,0.0,-0.0,-0.0,0.0,0.0,0.1269841269841269,0.1269841269841269,0.927106499671936,0.927106499671936,0.980690171010792,0.980690171010792,1,0.0,0.0,0.0,1,-0.0,-0.0,0.0,1,0.0,0.0,0.0,1,0.1269841269841269,0.10158730158730153,1.0,1,0.927106499671936,0.7416851997375489,1.0,1,0.980690171010792,0.7845521368086337,1.0,0.0,-0.0,0.0,0.1269841269841269,0.0,0.980690171010792,0.8942857142857142,1,0,0.9404920854040193,0.9336531312185721,-0.25946672803863213,train,1,1,1
vW0IQoSweVI,271,5,1350,1355,Anger,angry,happy,2,2,2,0.9,0.3562071871080222,0.0,0.2539682539682539,0.5998453348875046,0.0377233624458312,0.6231118532945399,0.500826941470786,0.5,0.3,0,0.0,0.8761535926170072,0.7721542197073143,1,0.9,0.3562071871080222,0,0.7666666666666666,0.3000000000000001,0.2056563153640956,5,0.9544159544159544,0.7934487455706299,0.9658119658119658,0,1,0,0.7666666666666666,0.5,0.3562071871080222,0.3562071871080222,-0.16666666666666652,-0.5,0.21164021164021182,0.126984126984127,0.414297843972842,0.04320286214351654,0.5196541839706088,0.3127388453227466,1,0.7,0.6399999999999999,1.0,1,0.1781035935540111,0.21372431226481325,1.0,0,-0.5,-0.2,0.0,1,0.1547619047619047,0.16349206349206347,1.0,1,0.30777130275964737,0.3630466550588608,1.0,0,0.30289362831972516,0.370402192645706,0.9729487653982652,0.9,0.3562071871080222,0.0,0.2539682539682539,0.7666666666666666,0.6231118532945399,0.7714285714285715,1,0,0.9379618022338204,0.9247315332407875,-0.15257731353347315,train,1,1,1
vW0IQoSweVI,330,5,1645,1650,,,,0,0,0,0.0,0.0,0.0,0.0,0.0,0.0,0.0,0.0,0.0,0.0,0,0.0,0.0,0.5879477709117602,0,0.0,0.0,0,0.0,0.0,0.0,0,0.8945868945868946,0.5987910915390142,0.8917378917378918,1,0,10,0.0,0.0,0.0,0.0,0.0,0.0,-0.04232804232804202,-0.1269841269841269,-0.1907983223597208,-0.5723949670791626,-0.09499508459120982,-0.2849852537736295,0,-0.35,-0.14000000000000004,0.0,1,0.0,0.0,0.0,1,0.0,0.0,0.0,0,-0.06349206349206345,-0.05079365079365074,0.0,0,-0.16808344423770905,-0.1817123711109161,0.0,0,-0.4060320667922496,-0.21940987747162577,0.0,0.0,0.0,0.0,0.0,0.0,0.0,0.94,1,0,0.9227749484608009,0.9228063144644791,-0.33485854355271893,stratified_test,1,1,1
vW0IQoSweVI,308,5,1535,1540,Riley,neutral,fearful,2,1,1,0.7,-0.0,0.75,0.1269841269841269,0.442888930439949,0.2948455438017844,0.6050415055826304,0.5385164807134504,0.0,0.9,0,0.0,0.8555555555555556,0.8002297879952543,1,0.0749999999999999,-0.7124143742160444,0,0.0,0.7083333333333334,0.4113126307281919,20,0.9715099715099715,0.8217855855713658,0.9715099715099715,0,1,0,-0.008333333333333415,-0.10000000000000009,-0.23747145807201483,-0.7124143742160444,0.16666666666666685,-0.25,-0.10846560846560815,-0.32539682539682535,-0.022047837575276674,-0.21422617137432104,0.061480797672993415,-0.03458688277751221,1,0.38749999999999996,0.27499999999999997,0.8749999999999999,0,-0.3562071871080222,-0.14248287484320893,-0.0,1,0.375,0.25,0.75,0,-0.09920634920634924,-0.01428571428571429,0.2807017543859648,0,0.21068061143159864,0.20677210390567782,0.9536457012636624,1,0.33583753216225865,0.2484259374259271,0.9459265983078318,0.7,-0.0,0.75,0.1269841269841269,0.0,0.6050415055826304,0.8771428571428571,1,0,0.9273462728126104,0.9174710689592513,-0.117241280963997,train,1,1,1
vW0IQoSweVI,339,5,1690,1695,Riley,neutral,neutral,3,2,2,0.3999999999999999,0.3271035759815648,0.0,0.2539682539682539,0.3830507596333821,0.2838083257277806,0.4452478511569398,0.1745069399093885,0.0,0.1999999999999999,1,1.0,0.8095579450418161,0.9355600539811068,1,0.3999999999999999,0.3271035759815648,0,0.2499999999999999,0.1333333333333334,0.1888533376458451,0,0.9971509971509972,0.9190418511415748,0.9971509971509972,0,1,0,0.24999999999999983,-0.0500000000000001,0.20836784694555738,-0.029103611126457374,0.0,0.0,0.16931216931216952,0.0,0.21917484203974405,-0.10857699314753222,0.323942378698848,0.08133143378266444,1,0.2374999999999999,0.2549999999999999,1.0,0,0.05994818565054816,0.1548207046528451,0.6121972227029929,0,-0.24999999999999994,-0.25,0.0,0,0.09126984126984125,0.11269841269841271,0.7804878048780488,0,0.11687228766580415,0.050607095907131805,0.5129155262492021,1,0.22423598764774688,0.2376975439550975,1.0,0.3999999999999999,0.3271035759815648,0.0,0.2539682539682539,0.2499999999999999,0.4452478511569398,0.9657142857142857,1,0,0.9138305922964509,0.9159690107663327,0.019591043214774007,train,1,1,1
vW0IQoSweVI,325,5,1620,1625,Anger,angry,fearful,1,1,1,0.8,-0.0,0.0,0.1269841269841269,0.2827398777008056,0.2360312938690185,0.7078122807666658,0.0632455532033675,0.0,0.0999999999999999,0,0.0,0.8777777777777778,0.6762047756969272,1,0.8,-0.0,0,0.8,0.2666666666666668,0.0,5,0.9373219373219374,0.678778664309597,0.9287749287749287,0,1,0,0.8,0.8,-0.11873572903600743,-0.3562071871080222,0.0,0.0,0.042328042328042534,-0.126984126984127,0.11043295760949454,-0.2341808825731278,0.5209949097130447,0.1473601676058025,1,0.8,0.64,1.0,1,-0.0,-0.0,0.0,1,0.0,0.0,0.0,1,0.1269841269841269,0.10158730158730153,1.0,1,0.2827398777008056,0.22619190216064453,1.0,1,0.7078122807666658,0.5662498246133326,1.0,0.8,-0.0,0.0,0.1269841269841269,0.8,0.7078122807666658,0.9257142857142857,1,0,0.9123897779663777,0.9127376218733392,-0.23653284617641201,stratified_test,1,1,1
vW0IQoSweVI,321,5,1600,1605,,,,0,0,0,0.0,0.0,0.0,0.0,0.0,0.0,0.0,0.0,0.0,0.0,0,0.0,0.0,0.6666785046286429,1,0.0,0.0,0,0.0,0.0,0.0,0,0.9316239316239316,0.6680653771180085,0.9230769230769231,1,0,10,0.0,0.0,0.0,0.0,0.0,0.0,-0.04232804232804202,-0.1269841269841269,-0.10489864150683076,-0.3146959245204925,-0.1836634549001852,-0.5509903647005556,1,0.0,0.0,0.0,0,-0.1781035935540111,-0.0712414374216045,0.0,1,0.0,0.0,0.0,0,-0.12698412698412695,-0.07619047619047613,0.0,0,-0.2584603801369667,-0.16632333695888515,0.0,0,-0.28022605658043165,-0.22228849557228378,0.0,0.0,0.0,0.0,0.0,0.0,0.0,0.9142857142857143,1,0,0.9138459812806383,0.9118297090683782,-0.24515120443973537,train,1,1,1
vW0IQoSweVI,269,5,1340,1345,,,,0,0,0,0.0,0.0,0.0,0.0,0.0,0.0,0.0,0.0,0.0,0.0,0,0.0,0.0,0.8537656557047132,1,-0.4,0.0,0,0.0,0.2166666666666667,0.2056563153640956,0,0.9772079772079773,0.8422120520975545,0.9743589743589743,1,0,5,-0.3583333333333334,-0.425,-0.3562071871080223,-0.7124143742160444,-0.5833333333333331,-0.75,-0.2777777777777775,-0.5079365079365079,-0.48895850280920655,-0.556642472743988,-0.37684791852758864,-0.4527344331669153,0,-0.2,-0.31000000000000005,0.0,1,0.0,-0.14248287484320893,0.0,0,-0.25,-0.2,0.0,0,-0.06349206349206345,-0.11587301587301582,0.0,0,-0.278321236371994,-0.32777055501937863,0.0,0,-0.15518650398589665,-0.2601842351420781,0.0,0.0,0.0,0.0,0.0,0.0,0.0,0.7657142857142857,1,0,0.9015854211908173,0.8969201765283243,-0.04315452082361115,train,1,1,1
vW0IQoSweVI,342,5,1705,1710,Riley,neutral,disgusted,2,1,2,0.5,0.3562071871080222,1.0,0.1984126984126984,0.3706521689891815,0.0908854156732558,0.5472223995719103,0.397205013026311,0.0,0.4499999999999999,1,1.0,0.8789473684210526,0.6797535336316501,1,0.5,0.3562071871080222,1,0.2583333333333333,0.2750000000000001,0.272057733001635,0,0.9401709401709402,0.7503643409017371,0.9487179487179487,0,1,0,0.2583333333333333,0.10000000000000009,0.0690690682268228,-0.17810359355401112,0.5833333333333335,0.25,-0.0370370370370367,-0.1269841269841269,-0.18342060388790227,-0.3761584460735321,0.20130522090217312,0.1019745484149705,1,0.5,0.295,1.0,1,0.3562071871080222,0.178103593554011,0.6666666666666666,1,0.625,0.55,1.0,1,0.13492063492063494,0.0317460317460318,0.6097560975609758,0,-0.002753138542175293,-0.060736273974180244,0.4963134715995646,1,0.47198242065496737,0.24605018423870206,1.0,0.5,0.3562071871080222,1.0,0.1984126984126984,0.2583333333333333,0.5472223995719103,0.9742857142857143,1,0,0.9069685478024025,0.8862681750735134,-0.20651464144186327,train,1,1,1
vW0IQoSweVI,327,5,1630,1635,,,,0,0,0,0.0,0.0,0.0,0.0,0.0,0.0,0.0,0.0,0.0,0.0,0,0.0,0.0,0.6369785048917096,1,0.0,0.0,0,0.0,0.2666666666666668,0.0,0,0.9230769230769231,0.6446260703490625,0.9145299145299145,1,0,10,-0.2666666666666668,-0.8,0.0,0.0,0.0,0.0,-0.04232804232804202,-0.1269841269841269,-0.09424662590026846,-0.2827398777008056,-0.23593742692222194,-0.7078122807666658,1,0.0,-0.16000000000000006,0.0,1,0.0,0.0,0.0,1,0.0,0.0,0.0,0,-0.06349206349206345,-0.05079365079365074,0.0,0,-0.2861974835395813,-0.17102696895599362,0.0,0,-0.14249262688681474,-0.19855950690805907,0.0,0.0,0.0,0.0,0.0,0.0,0.0,0.9314285714285714,1,0,0.9111509454539505,0.8855712166701651,-0.24859271177845554,train,1,1,1
vW0IQoSweVI,318,5,1585,1590,,,,0,0,0,0.0,0.0,0.0,0.0,0.0,0.0,0.0,0.0,0.0,0.0,0,0.0,0.0,0.5702188444570714,0,0.0,0.0,0,0.0,0.0,0.0,0,0.8831908831908832,0.5821828780979286,0.8717948717948718,1,0,20,0.0,0.0,0.0,0.0,0.0,0.0,0.0,0.0,0.0,0.0,0.0,0.0,1,0.0,0.0,0.0,1,0.0,0.0,0.0,1,0.0,0.0,0.0,0,-0.06349206349206345,-0.025396825396825355,0.0,0,-0.15734796226024625,-0.06293918490409846,0.0,0,-0.2754951823502778,-0.11019807294011112,0.0,0.0,0.0,0.0,0.0,0.0,0.0,0.9057142857142857,1,0,0.9133834375140145,0.8761896491272853,-0.30597080467021387,stratified_test,1,1,1
vW0IQoSweVI,306,5,1525,1530,Anger,angry,fearful,1,1,1,0.8,-0.0,1.0,0.1269841269841269,0.2732785642147064,0.1568528711795807,0.6396283883601426,0.0632455532033675,0.0,0.0999999999999999,0,0.0,0.8806818181818181,0.6574925092007265,1,0.1,0.0,1,0.4333333333333333,0.5000000000000001,0.0,10,0.9259259259259259,0.6844864665788023,0.9373219373219374,0,1,0,0.43333333333333335,0.10000000000000009,0.0,0.0,0.6666666666666667,0.0,0.023809523809524044,-0.05555555555555561,-0.04925568898518873,-0.3838365375995636,0.2869744546090563,0.03431237563490863,1,0.13750000000000007,0.235,1.0,0,-0.3562071871080222,-0.14248287484320893,-0.0,1,0.625,0.5,1.0,0,-0.1626984126984127,-0.03968253968253968,0.2807017543859648,0,-0.28748730570077896,-0.09426128268241873,0.4158762497775422,1,0.14410152067575843,0.19248366249783433,1.0,0.8,-0.0,1.0,0.1269841269841269,0.4333333333333333,0.6396283883601426,0.8714285714285714,1,0,0.8948251200957483,0.8661622017396728,-0.2086696925389463,train,1,1,1
vW0IQoSweVI,335,5,1670,1675,,,,0,0,0,0.0,0.0,0.0,0.0,0.0,0.0,0.0,0.0,0.0,0.0,0,0.0,0.0,0.3221155490315244,0,0.0,0.0,0,0.0,0.1416666666666667,0.1668444698117591,0,0.6894586894586895,0.39249351148150835,0.7720797720797721,1,0,10,-0.14166666666666675,-0.425,-0.0963276995586199,-0.2889830986758596,0.0,0.0,-0.1031746031746029,-0.3095238095238095,-0.12898904581864665,-0.3869671374559402,-0.21691183364018793,-0.6507355009205638,0,-0.225,-0.17500000000000004,0.0,0,-0.1781035935540111,-0.1290380571567764,0.0,1,0.0,0.0,0.0,0,-0.12698412698412695,-0.11269841269841266,0.0,0,-0.24581387639045715,-0.17571897804737086,0.0,0,-0.1819582086871377,-0.20293038365896782,0.0,0.0,0.0,0.0,0.0,0.0,0.0,0.9542857142857143,1,0,0.8696393805853956,0.8255371344482656,-0.5034215854167412,train,1,1,1
vW0IQoSweVI,333,5,1660,1665,Riley,neutral,sad,4,3,2,0.425,0.2889830986758596,0.0,0.3095238095238095,0.3869671374559402,0.1684086760506033,0.6507355009205638,0.2581317710704217,0.0,0.3,0,0.0,0.8494612100753927,0.5682280938513617,0,0.425,0.2889830986758596,0,0.1916666666666666,0.375,0.1668444698117591,0,0.8803418803418803,0.5681786479995152,0.8603988603988604,0,1,0,0.1916666666666666,-0.27499999999999997,0.2889830986758596,0.2889830986758596,0.0,0.0,0.26719576719576743,0.18253968253968259,0.2749115079641342,0.0508002489805221,0.38004745639239734,-0.1613286326639355,1,0.425,0.19999999999999996,0.6071428571428572,1,0.2889830986758596,0.2311864789406876,1.0,1,0.0,0.0,0.0,1,0.3095238095238095,0.22222222222222224,1.0,1,0.3869671374559402,0.24234033226966856,1.0,1,0.6507355009205638,0.35817557401955114,0.8013351089010404,0.425,0.2889830986758596,0.0,0.3095238095238095,0.1916666666666666,0.6507355009205638,0.9485714285714286,1,0,0.7892623658181593,0.7734664630892826,-0.20523836923792083,train,1,1,1
vW0IQoSweVI,337,5,1680,1685,,,,0,0,0,0.0,0.0,0.0,0.0,0.0,0.0,0.0,0.0,0.0,0.0,0,0.0,0.0,0.4465339762662069,0,-0.45,-0.3562071871080222,0,0.0,0.15,0.2056563153640955,0,0.8262108262108262,0.5719446562124348,0.8632478632478633,1,0,5,-0.15000000000000008,-0.45,-0.11873572903600743,-0.3562071871080222,0.0,0.0,-0.08465608465608437,-0.2539682539682539,-0.16387591759363804,-0.4916277527809143,-0.1213054724580918,-0.3639164173742754,0,-0.225,-0.17,0.0,0,-0.1781035935540111,-0.13666215261791748,0.0,1,0.0,0.0,0.0,0,-0.12698412698412695,-0.10158730158730153,0.0,0,-0.24581387639045715,-0.17493570248285922,0.0,0,-0.1819582086871377,-0.16183285370624306,0.0,0.0,0.0,0.0,0.0,0.0,0.0,0.96,1,0,0.7655612031974465,0.7662363809420157,-0.31970240467580885,train,1,0,1
vW0IQoSweVI,316,5,1575,1580,,,,0,0,0,0.0,0.0,0.0,0.0,0.0,0.0,0.0,0.0,0.0,0.0,0,0.0,0.0,0.5839406207827269,0,0.0,0.0,0,0.0,0.0,0.0,0,0.8888888888888888,0.606110629700658,0.9002849002849003,1,0,10,0.0,0.0,0.0,0.0,0.0,0.0,-0.04232804232804202,-0.1269841269841269,-0.30903549989064527,-0.927106499671936,-0.326896723670264,-0.980690171010792,1,0.0,0.0,0.0,1,0.0,0.0,0.0,1,0.0,0.0,0.0,1,0.0,-0.025396825396825355,0.0,1,0.0,-0.18542129993438716,0.0,1,0.0,-0.19613803420215842,0.0,0.0,0.0,0.0,0.0,0.0,0.0,0.9,1,0,0.7407418831900886,0.7478581137610407,-0.16391749297831382,train,0,0,1
vW0IQoSweVI,212,5,1055,1060,Disgust,disgusted,angry,2,2,2,0.5,0.3562071871080222,0.0,0.2539682539682539,0.2665674090385437,0.1913856342434882,0.5815157270058987,0.291049731745428,0.0,0.35,0,0.0,0.8309919724770642,0.7928343500827342,1,0.5,0.3562071871080222,0,0.5,0.1666666666666667,0.2056563153640956,0,0.9658119658119658,0.766824464069155,0.9572649572649573,0,1,0,0.5,0.5,0.3562071871080222,0.3562071871080222,0.0,0.0,0.21164021164021177,0.126984126984127,0.12506306171417245,-0.1579456329345703,0.3538704954650407,-0.10141996761667549,1,0.5,0.3133333333333333,1.0,1,0.3562071871080222,0.2195450344901047,1.0,1,0.0,0.0,0.0,1,0.2539682539682539,0.12698412698412698,1.0,1,0.2665674090385437,0.03430057565371197,0.5668586978016422,1,0.5815157270058987,0.18894945231693167,0.8326638321926044,0.5,0.3562071871080222,0.0,0.2539682539682539,0.5,0.5815157270058987,0.6028571428571429,0,1,0.7982881249798511,0.7222113341487518,0.07062301593398235,train,1,0,1
vW0IQoSweVI,282,5,1405,1410,Riley,neutral,sad,1,1,1,0.5,-0.0,1.0,0.1269841269841269,0.6435754299163818,0.131782054901123,0.3604945593862791,0.382099463490856,0.0,0.3,0,0.0,0.8503937007874016,0.4237416904083561,0,0.0,0.0,1,0.0,0.5333333333333334,0.2056563153640956,0,0.8062678062678063,0.41399381269187285,0.7891737891737892,0,1,0,-0.008333333333333415,-0.10000000000000009,-0.23747145807201483,-0.3562071871080222,0.5000000000000002,0.0,-0.08465608465608448,-0.18253968253968259,0.22553443163633352,0.04925251752138138,-0.10890378062855849,-0.26709580594906607,1,0.07500000000000001,-0.030000000000000027,0.7142857142857143,0,-0.1781035935540111,-0.21372431226481342,-0.0,1,0.0,0.30000000000000004,1.0,0,-0.06349206349206352,-0.06507936507936507,0.4999999999999998,1,0.371329702436924,0.2520232498645783,1.0,0,-0.26307353032752895,-0.19133230128791195,0.4951492114330878,0.5,-0.0,1.0,0.1269841269841269,0.0,0.3604945593862791,0.8028571428571428,1,0,0.647376186450147,0.6135520094069908,-0.18981031899863476,stratified_test,0,0,1
vW0IQoSweVI,292,5,1455,1460,Anger,angry,angry,1,1,1,0.0,-0.0,0.0,0.1269841269841269,0.6914597153663635,0.6914597153663635,0.8688853554893282,0.0,0.0,0.0,0,0.0,0.7544910179640718,0.4556159291616344,0,0.0,0.0,0,0.0,0.1833333333333334,0.2056563153640956,0,0.8376068376068376,0.47240727850515396,0.8319088319088319,0,1,0,-0.39444444444444454,-0.6333333333333334,-0.22777025436319573,-0.3562071871080222,-0.722222222222222,-1.0,-0.08465608465608443,-0.126984126984127,0.3622882780101565,0.3384983142217,0.2701081201330655,0.19622728382237253,0,-0.2,-0.19000000000000006,0.0,1,-0.0,-0.0712414374216045,-0.0,0,-1.0,-0.5333333333333334,0.0,1,0.0,0.0,0.4999999999999998,1,0.32408928871154785,0.34873336851596837,1.0,1,0.30418551750481126,0.3618802450690418,1.0,0.0,-0.0,0.0,0.1269841269841269,0.0,0.8688853554893282,0.8314285714285714,1,0,0.6250430566175575,0.608029802310033,-0.1524138731483986,train,0,0,1
vW0IQoSweVI,273,5,1360,1365,,,,0,0,0,0.0,0.0,0.0,0.0,0.0,0.0,0.0,0.0,0.0,0.0,0,0.0,0.0,0.5350087995517356,0,-0.4,-0.3562071871080222,0,0.0,0.4333333333333334,0.2056563153640959,0,0.8547008547008547,0.5843821188899676,0.8774928774928775,1,0,5,-0.4333333333333334,-0.9,-0.23747145807201483,-0.3562071871080222,-0.3333333333333332,-1.0,-0.15079365079365056,-0.2539682539682539,-0.39466446638107294,-0.5998453348875046,-0.4211827677480564,-0.6404364499496294,0,-0.45,-0.36000000000000004,0.0,0,-0.1781035935540111,-0.14248287484320893,0.0,0,-0.5,-0.2,0.0,0,-0.16269841269841265,-0.11587301587301582,0.0,0,-0.4352092370390892,-0.29405276179313655,0.0,0,-0.590312218305189,-0.3607472579809836,0.0,0.0,0.0,0.0,0.0,0.0,0.0,0.7771428571428571,1,0,0.5689677996601925,0.5942259642304516,-0.05921716467871596,train,0,0,1
vW0IQoSweVI,347,5,1730,1735,Riley,neutral,neutral,3,2,2,0.3333333333333333,0.3271035759815648,1.0,0.2539682539682539,0.4793573319911957,0.3074990933140119,0.4551383273520815,0.2748737083745107,0.3333333333333333,0.1333333333333333,0,0.0,0.7525773195876289,0.451866846603688,0,-0.1666666666666666,0.3271035759815648,1,0.0,0.4444444444444446,0.1977908532381011,0,0.8319088319088319,0.4691232665058451,0.8233618233618234,0,1,0,-0.06666666666666676,-0.16666666666666669,0.20836784694555738,-0.029103611126457374,0.5000000000000002,0.0,0.0846560846560849,0.0555555555555555,0.09043738245964056,-0.02776515483856201,-0.07947929352521899,-0.16810346712979174,0,-0.14999999999999997,-0.14000000000000012,0.588235294117647,1,0.1635517879907824,-0.035388590257784514,0.4078361780682695,1,0.5833333333333334,0.33333333333333337,1.0,0,0.0357142857142857,-0.03968253968253971,0.43835616438356156,1,0.1456770151853562,0.10100040336449945,1.0,0,-0.12612164167997741,-0.1146510164090433,0.7302756833412574,0.3333333333333333,0.3271035759815648,1.0,0.2539682539682539,0.0,0.4551383273520815,0.9885714285714285,1,0,0.5859395660048065,0.5768055420746517,-0.12493869547096376,train,0,0,1
vW0IQoSweVI,344,5,1715,1720,Anger,angry,neutral,2,2,1,0.2,-0.0,0.0,0.1825396825396825,0.5071224868297577,0.2978812362998723,0.3661349922418592,0.3008321791298264,0.0,0.5,0,0.0,0.6722845023481291,0.5536969955252502,0,0.2,-0.0,0,0.0333333333333332,0.2333333333333334,0.2056563153640954,0,0.8632478632478633,0.5849170316704941,0.8831908831908832,0,1,0,0.03333333333333327,-0.3,-0.11873572903600743,-0.3562071871080222,-0.5833333333333331,-1.0,0.07407407407407433,-0.0158730158730159,0.13463489214579272,-0.23968812823295593,0.1335675397732605,-0.18108740733005113,0,-0.04999999999999999,-0.14,0.4,0,-0.1781035935540111,-0.14248287484320896,-0.0,0,-0.5,-0.5,0.0,0,0.0833333333333333,0.04126984126984129,0.9199999999999998,1,0.32262520492076874,0.19964008331298833,1.0,0,0.05889695428777475,-0.06408006019890311,0.5874686124768677,0.2,-0.0,0.0,0.1825396825396825,0.0333333333333332,0.3661349922418592,0.98,1,0,0.5191476859068495,0.5647876315582554,-0.011090636033005197,train,0,0,1
vW0IQoSweVI,235,5,1170,1175,Fear,fearful,happy,1,1,1,1.0,-0.0,0.0,0.1269841269841269,0.5829209685325623,0.0886731222271919,0.7454872485250232,0.8099382692526635,1.0,0.2,0,0.0,0.8,0.25624978625902,0,1.0,-0.0,0,0.7166666666666666,0.4166666666666667,0.2056563153640956,5,0.5783475783475783,0.2668856847471808,0.5612535612535613,0,1,0,0.7166666666666666,0.4,-0.2374714580720149,-0.3562071871080222,-0.3333333333333332,-1.0,-0.042328042328042215,-0.126984126984127,0.3209631840387981,0.08371399343013763,0.2802949791851763,0.01493526697158809,1,1.0,0.55,1.0,1,-0.0,-0.07124143742160452,-0.0,1,0.0,-0.2,0.0,1,0.1269841269841269,0.025396825396825376,0.4999999999999998,1,0.5829209685325623,0.24896278083324436,0.9919307045526028,1,0.7454872485250232,0.31881913494318714,1.0,1.0,-0.0,0.0,0.1269841269841269,0.7166666666666666,0.7454872485250232,0.6685714285714286,0,1,0.6043324129914216,0.5515078087254169,-0.29525802246639693,stratified_test,0,0,1
vW0IQoSweVI,276,5,1375,1380,,,,0,0,0,0.0,0.0,0.0,0.0,0.0,0.0,0.0,0.0,0.0,0.0,0,0.0,0.0,0.3035371830385677,0,0.0,0.0,0,0.0,0.1666666666666667,0.0,0,0.6467236467236467,0.33541587286554936,0.6866096866096866,1,0,10,-0.16666666666666674,-0.5,0.0,0.0,0.0,0.0,-0.042328042328042076,-0.1269841269841269,-0.09542346994082125,-0.286270409822464,-0.18006266222024947,-0.5401879866607485,0,-0.1,-0.19500000000000006,0.0,1,0.0,-0.03872431226481336,0.0,1,0.0,-0.025,0.0,0,-0.09126984126984125,-0.11269841269841263,0.0,0,-0.2104092761874199,-0.2516735397279262,0.0,0,-0.1829983628878835,-0.24725650805048635,0.0,0.0,0.0,0.0,0.0,0.0,0.0,0.7857142857142857,1,0,0.5684500634251912,0.5500629942339454,-0.24652581119537775,stratified_test,0,0,1
vW0IQoSweVI,290,5,1445,1450,Anger,angry,neutral,2,2,2,0.55,0.3562071871080222,0.6666666666666666,0.2539682539682539,0.2874311655759811,0.081906696781516,0.5367405206430701,0.4349962577798139,0.0,0.8,0,0.0,0.7295454545454545,0.5549754954187087,0,-0.0833333333333333,0.0291036111264573,1,0.0388888888888888,0.5277777777777779,0.0168029777182537,0,0.8660968660968661,0.5417850120878747,0.8518518518518519,0,1,0,0.03888888888888886,-0.08333333333333337,0.019402407417638212,0.0,0.11111111111111116,-1.1102230246251565e-16,0.01851851851851874,0.0,-0.07253950172000456,-0.1190308928489685,-0.09815160980862037,-0.1569591132923961,0,0.23333333333333334,0.23333333333333328,0.8684210526315789,1,0.19265539911723978,0.14830359706850027,1.0,0,-0.08333333333333337,0.1333333333333332,0.6666666666666666,1,0.06349206349206349,0.06190476190476191,1.0,0,-0.06261040767033904,-0.1296560515960058,0.41568750744023947,0,-0.09305507206978902,-0.13504281845564636,0.6177345690684304,0.55,0.3562071871080222,0.6666666666666666,0.2539682539682539,0.0388888888888888,0.5367405206430701,0.8257142857142857,1,0,0.5386313465114663,0.5333075218695146,0.02166797354919414,train,0,0,1
vW0IQoSweVI,351,5,1750,1755,Anger,angry,angry,4,4,2,0.2,0.2889830986758596,0.6666666666666666,0.365079365079365,0.41471728682518,0.278917908668518,0.4719742002431301,0.1986025065131555,0.0,0.2249999999999999,0,0.0,0.7427545453813008,0.1961545038184013,0,-0.3,-0.0381204773057051,1,0.0,0.4222222222222223,0.2858490248609011,0,0.4444444444444444,0.21328401726062596,0.4444444444444444,0,1,0,-0.31111111111111117,-0.36666666666666675,-0.1964347826870484,-0.5130633934497347,0.16666666666666685,0.0,-0.01587301587301565,-0.2142857142857143,0.007433846592903248,-0.054343084494272886,-0.046422611874166075,-0.1448381772381253,0,-0.3,-0.22222222222222232,0.3529411764705882,0,-0.038120477305705225,-0.1837279569184801,0.36030716612199465,1,0.0,0.05555555555555569,1.0,1,0.1111111111111111,-0.03439153439153436,0.6301369863013698,0,-0.054343084494272886,-0.005232637127240425,0.884144797094226,1,0.07287428495474157,-0.0239879640944613,0.7651827646040925,0.2,0.2889830986758596,0.6666666666666666,0.365079365079365,0.0,0.4719742002431301,1.0,1,0,0.5337716536805369,0.5327834011513343,-0.336628897332933,stratified_test,0,0,1
vW0IQoSweVI,280,5,1395,1400,Anger,angry,neutral,2,1,2,0.6000000000000001,0.3562071871080222,0.0,0.1984126984126984,0.3966319561004638,0.089055748656392,0.423451189510524,0.4589460621382454,0.0,0.85,1,1.0,0.7967741935483872,0.2489306374347919,0,0.175,0.0,0,0.3,0.4333333333333335,0.0938688548127308,5,0.5726495726495726,0.29068714371022697,0.5925925925925926,0,1,0,0.3,0.1750000000000001,0.17293093763065928,0.0,-0.20833333333333318,-0.5,-0.050264550264549984,-0.11111111111111108,-0.12550811097025866,-0.19769095629453665,0.0723685165804151,0.057454463734757044,1,0.13750000000000007,0.14,1.0,1,0.1781035935540111,0.17499999999999993,1.0,0,-0.75,-0.525,0.0,0,-0.0198412698412698,-0.004761904761904662,0.6410256410256411,0,-0.03211356326937681,-0.09316347613930709,0.6162944352179468,0,-0.0689207257564704,0.0036937080611824102,0.6747254465645885,0.6000000000000001,0.3562071871080222,0.0,0.1984126984126984,0.3,0.423451189510524,0.7971428571428572,1,0,0.5461904786081321,0.532286951173135,-0.283356313738343,stratified_test,0,0,1
vW0IQoSweVI,349,5,1740,1745,Anger,angry,fearful,6,4,5,0.5666666666666668,0.8020464921255943,0.4999999999999999,0.5793650793650793,0.3760721137126286,0.1408969617138305,0.6168123774812554,0.2776425709603423,0.1666666666666666,0.3333333333333333,2,1.0,0.7996009904824494,0.2588232715040963,0,0.1000000000000001,0.4749429161440295,1,0.1333333333333333,0.4555555555555557,0.2742084204854618,0,0.5897435897435898,0.30487898709135985,0.6182336182336182,0,1,0,0.13333333333333336,0.06666666666666676,0.5839774414712178,0.4749429161440295,-0.11111111111111105,-0.5000000000000001,0.3492063492063494,0.2698412698412698,-0.006167208154996162,-0.10328521827856707,0.07759295567585567,-0.006429417000617832,1,0.08333333333333348,0.15333333333333338,1.0,1,0.4749429161440295,0.3875784283763646,1.0,0,-1.1102230246251565e-16,-0.1333333333333333,0.4999999999999999,1,0.2976190476190476,0.226984126984127,1.0,0,-0.04681698977947235,-0.04711287419001259,0.7845339762520539,1,0.14762334804593885,0.12035178469183538,1.0,0.5666666666666668,0.8020464921255943,0.4999999999999999,0.5793650793650793,0.1333333333333333,0.6168123774812554,0.9942857142857143,1,0,0.5051854662888178,0.511358032699841,-0.25253476119574475,train,0,0,1
vW0IQoSweVI,304,5,1515,1520,,,,0,0,0,0.0,0.0,0.0,0.0,0.0,0.0,0.0,0.0,0.0,0.0,0,0.0,0.0,0.4881021905490966,0,-0.4,0.0,0,0.0,0.1888888888888889,0.3259575478885761,0,0.8461538461538461,0.5236584511210544,0.8490028490028491,1,0,5,-0.18888888888888897,-0.4,-0.18819167801785988,-0.5645750340535796,-0.6666666666666665,-1.0,-0.2116402116402113,-0.3253968253968253,-0.3463376528686946,-0.3905931909879048,-0.6826957417548529,-0.7695868439972399,0,-0.55,-0.4133333333333334,0.0,1,0.0,-0.11291500681071598,0.0,0,-0.5,-0.6,0.0,0,-0.1547619047619047,-0.1523809523809523,0.0,0,-0.48380137979984283,-0.3262949029604593,0.0,0,-0.5289809006266294,-0.47415491163109724,0.0,0.0,0.0,0.0,0.0,0.0,0.0,0.8657142857142858,1,0,0.48982590032215184,0.5047035159703452,-0.016601325421248647,train,0,0,1
vW0IQoSweVI,214,5,1065,1070,Anger,angry,angry,3,2,2,0.4333333333333333,0.3271035759815648,0.0,0.2539682539682539,0.470253715912501,0.2877379159132639,0.6983799518163624,0.1720759220056126,0.0,0.3666666666666667,1,1.0,0.8071919191919191,0.7913556570989642,1,0.4333333333333333,0.3271035759815648,0,0.2666666666666666,0.3111111111111111,0.1977908532381014,0,0.9629629629629629,0.7642193916339819,0.9544159544159544,0,1,0,0.26666666666666655,-0.06666666666666671,0.20836784694555732,-0.029103611126457374,0.0,0.0,0.1693121693121694,0.0,0.38139791289965314,0.20368630687395728,0.5045413761477294,0.11686422481046366,1,0.4333333333333333,0.18666666666666662,0.8666666666666666,1,0.3271035759815648,0.12502070816733438,0.9182958340544894,1,0.0,0.0,0.0,1,0.2539682539682539,0.10158730158730156,1.0,1,0.470253715912501,0.22228790720303854,0.9348833259421182,1,0.6983799518163624,0.35057221466675387,1.0,0.4333333333333333,0.3271035759815648,0.0,0.2539682539682539,0.2666666666666666,0.6983799518163624,0.6085714285714285,0,1,0.5155562810605111,0.49810119654196733,0.29325446055699683,stratified_test,0,0,1
vW0IQoSweVI,267,5,1330,1335,Riley,neutral,happy,2,1,2,0.25,0.3562071871080222,0.5,0.1984126984126984,0.4823649674654007,0.4742612838745117,0.3674363144440574,0.2729468812791236,0.0,0.35,1,1.0,0.762396694214876,0.3644288972543772,0,-0.175,-0.3562071871080222,1,0.0,0.4416666666666667,0.2056563153640966,0,0.7492877492877493,0.4804290393099222,0.8347578347578347,0,1,0,-0.10833333333333339,-0.4,-1.1102230246251565e-16,-0.3562071871080222,0.2500000000000001,-0.25,-0.05555555555555533,-0.30952380952380953,0.2247397204240164,0.054496899247169495,-0.01913863803298843,-0.3395541098201648,0,-0.16249999999999998,-0.09500000000000003,0.3846153846153846,0,0.0,0.07124143742160433,0.5,0,-0.125,0.15000000000000002,0.6666666666666666,0,-0.11904761904761899,-0.019047619047619008,0.390625,0,-0.009890303015708923,0.11998833119869234,0.8665615562671065,0,-0.014117406125296939,-7.052152534026135e-05,0.5197189407854499,0.25,0.3562071871080222,0.5,0.1984126984126984,0.0,0.3674363144440574,0.76,1,0,0.4674551821567852,0.4975361591758193,-0.13310726192144207,train,0,0,1
vW0IQoSweVI,284,5,1415,1420,Anger,angry,fearful,2,2,2,0.7,0.3562071871080222,0.5,0.2539682539682539,0.3730620592832565,0.1222021542489528,0.7280523750465362,0.2563448271441261,0.0,0.55,0,0.0,0.912576159591195,0.4332444170855989,0,0.35,0.0,1,0.2499999999999999,0.5166666666666667,0.2056563153640959,5,0.8205128205128205,0.42021346213035965,0.7948717948717948,0,1,0,0.24999999999999994,0.19999999999999996,0.23747145807201475,0.0,-0.5,-0.5,0.0846560846560849,0.0,-0.022960235675175966,-0.27051337063312536,0.19217546210857106,0.10046200971119101,1,0.5249999999999999,0.38999999999999996,1.0,1,0.1781035935540111,0.21372431226481325,1.0,0,0.0,0.0,0.5,1,0.12698412698412695,0.10158730158730159,1.0,1,0.232400394976139,0.04843347966670991,0.5796710718613474,1,0.4182794680004007,0.28140601199818777,1.0,0.7,0.3562071871080222,0.5,0.2539682539682539,0.2499999999999999,0.7280523750465362,0.8085714285714286,1,0,0.49874438583268005,0.4931176484610861,-0.05987323137548717,train,0,0,1
vW0IQoSweVI,288,5,1435,1440,Anger,angry,angry,2,1,2,0.4,0.3562071871080222,0.5,0.1984126984126984,0.4064620584249496,0.2699588760733604,0.6936996339354662,0.0316227766016837,0.0,0.0499999999999999,1,1.0,0.8229813664596273,0.3083765418945517,0,-0.0999999999999999,0.0291036111264573,1,0.2333333333333332,0.3000000000000001,0.1977908532381012,0,0.6581196581196581,0.37186573120460753,0.7464387464387464,0,1,0,0.23333333333333328,-0.09999999999999998,0.24717266178083386,0.029103611126457374,0.2777777777777779,-0.16666666666666674,0.0714285714285717,-0.0555555555555555,0.19123851756254834,0.08127997815608978,0.3106387304762999,0.0696559902746231,0,-0.16666666666666663,-0.016666666666666774,0.631578947368421,1,0.029103611126457374,0.08288288187218734,1.0,0,-0.08333333333333337,0.033333333333333326,0.7499999999999999,0,-0.0555555555555555,-0.019047619047619008,0.7812500000000002,1,0.06973708669344575,0.06795700887839001,1.0,1,0.08821125522566342,0.10038843819250665,1.0,0.4,0.3562071871080222,0.5,0.1984126984126984,0.2333333333333332,0.6936996339354662,0.82,1,0,0.4967200022771616,0.491500137501542,-0.18312359560699026,train,0,0,1
