video_id,segment_id,segment_sec,start_time,end_time,character,expected_emotion,predicted_emotion,detection_count,character_count,emotion_count,mismatch_score,entropy_score,transition_score,diversity_score,emotion_confidence_score,expected_emotion_probability,emotion_intensity_score,emotion_distance_score,valence_flip_rate,arousal_change_score,emotion_change_count,emotion_change_rate,character_emotion_rarity_score,youtube_highlight_score,is_highlight,mismatch_delta,entropy_delta,dominant_emotion_changed,surprise_spike,rolling_mismatch_mean_15sec,rolling_entropy_std_15sec,high_mismatch_duration_sec
vW0IQoSweVI,1,5,0,5,,,,0,0,0,0.0,0.0,0.0,0.0,0.0,0.0,0.0,0.0,0.0,0.0,0,0.0,0.0,0.26881870208400815,0,0.0,0.0,0,0.0,0.0,0.0,0
vW0IQoSweVI,2,5,5,10,Anxiety,surprised,sad,2,2,1,0.7,-0.0,0.0,0.19642857142857142,0.5596703886985779,0.055694664362817996,0.47562017124146205,0.32566165379829404,0.5,0.5,0,0.0,0.0,0.5892893136090415,0,0.7,-0.0,0,0.7,0.35,0.0,5
vW0IQoSweVI,3,5,10,15,,,,0,0,0,0.0,0.0,0.0,0.0,0.0,0.0,0.0,0.0,0.0,0.0,0,0.0,0.0,0.6211066119569522,1,-0.7,0.0,0,0.0,0.2333333333333333,0.0,0
vW0IQoSweVI,4,5,15,20,,,,0,0,0,0.0,0.0,0.0,0.0,0.0,0.0,0.0,0.0,0.0,0.0,0,0.0,0.0,0.40123789727531217,0,0.0,0.0,0,0.0,0.2333333333333333,0.0,0
vW0IQoSweVI,5,5,20,25,,,,0,0,0,0.0,0.0,0.0,0.0,0.0,0.0,0.0,0.0,0.0,0.0,0,0.0,0.0,0.23934645286686101,0,0.0,0.0,0,0.0,0.0,0.0,0
vW0IQoSweVI,6,5,25,30,,,,0,0,0,0.0,0.0,0.0,0.0,0.0,0.0,0.0,0.0,0.0,0.0,0,0.0,0.0,0.20039547565057775,0,0.0,0.0,0,0.0,0.0,0.0,0
vW0IQoSweVI,7,5,30,35,,,,0,0,0,0.0,0.0,0.0,0.0,0.0,0.0,0.0,0.0,0.0,0.0,0,0.0,0.0,0.18468186480941584,0,0.0,0.0,0,0.0,0.0,0.0,0
vW0IQoSweVI,8,5,35,40,,,,0,0,0,0.0,0.0,0.0,0.0,0.0,0.0,0.0,0.0,0.0,0.0,0,0.0,0.0,0.33160376849152357,0,0.0,0.0,0,0.0,0.0,0.0,0
vW0IQoSweVI,9,5,40,45,,,,0,0,0,0.0,0.0,0.0,0.0,0.0,0.0,0.0,0.0,0.0,0.0,0,0.0,0.0,0.3363662131519275,0,0.0,0.0,0,0.0,0.0,0.0,0
vW0IQoSweVI,10,5,45,50,,,,0,0,0,0.0,0.0,0.0,0.0,0.0,0.0,0.0,0.0,0.0,0.0,0,0.0,0.0,0.32961748191340035,0,0.0,0.0,0,0.0,0.0,0.0,0
vW0IQoSweVI,11,5,50,55,,,,0,0,0,0.0,0.0,0.0,0.0,0.0,0.0,0.0,0.0,0.0,0.0,0,0.0,0.0,0.2458925871936076,0,0.0,0.0,0,0.0,0.0,0.0,0
vW0IQoSweVI,12,5,55,60,,,,0,0,0,0.0,0.0,0.0,0.0,0.0,0.0,0.0,0.0,0.0,0.0,0,0.0,0.0,0.17921458265846021,0,0.0,0.0,0,0.0,0.0,0.0,0
vW0IQoSweVI,13,5,60,65,Joy,happy,neutral,1,1,1,0.4,-0.0,0.0,0.13392857142857142,0.4947190880775451,0.0571492798626422,0.36548300143331275,0.5458937625582472,0.0,0.7,0,0.0,0.0,0.15694376957132064,0,0.4,-0.0,0,0.4,0.13333333333333333,0.0,0
vW0IQoSweVI,14,5,65,70,,,,0,0,0,0.0,0.0,0.0,0.0,0.0,0.0,0.0,0.0,0.0,0.0,0,0.0,0.0,0.14559901738473174,0,-0.4,0.0,0,0.0,0.13333333333333333,0.0,0
vW0IQoSweVI,15,5,70,75,Envy,disgusted,happy,1,1,1,1.0,-0.0,0.0,0.13392857142857142,0.4355961084365845,0.0138492761179804,0.5496458285488186,0.7615773105863908,1.0,0.09999999999999998,0,0.0,1.0,0.1768291761148904,0,1.0,-0.0,0,0.8666666666666667,0.4666666666666666,0.0,5
vW0IQoSweVI,16,5,75,80,,,,0,0,0,0.0,0.0,0.0,0.0,0.0,0.0,0.0,0.0,0.0,0.0,0,0.0,0.0,0.18231360004319191,0,-1.0,0.0,0,0.0,0.3333333333333333,0.0,0
vW0IQoSweVI,17,5,80,85,Envy,disgusted,happy,3,2,3,0.6999999999999998,0.5645750340535796,0.0,0.3392857142857143,0.3365063766638438,0.037237642488131835,0.5917949820868669,0.4359892671500107,0.6666666666666666,0.16666666666666666,1,1.0,0.6666666666666666,0.18761742792355035,0,0.6999999999999998,0.5645750340535796,0,0.36666666666666653,0.5666666666666665,0.3259575478885763,5
vW0IQoSweVI,18,5,85,90,Joy,happy,neutral,1,1,1,0.4,-0.0,0.9999999999999999,0.13392857142857142,0.4759668409824371,0.0457838252186775,0.35694493418559414,0.5458937625582472,0.0,0.7,0,0.0,0.0,0.17903979051938235,0,-0.2999999999999998,-0.5645750340535796,1,0.0,0.36666666666666664,0.3259575478885763,0
vW0IQoSweVI,19,5,90,95,,,,0,0,0,0.0,0.0,0.0,0.0,0.0,0.0,0.0,0.0,0.0,0.0,0,0.0,0.0,0.19089933592484618,0,-0.4,0.0,0,0.0,0.36666666666666664,0.3259575478885763,0
vW0IQoSweVI,20,5,95,100,,,,0,0,0,0.0,0.0,0.0,0.0,0.0,0.0,0.0,0.0,0.0,0.0,0,0.0,0.0,0.2104706565165749,0,0.0,0.0,0,0.0,0.13333333333333333,0.0,0
vW0IQoSweVI,21,5,100,105,,,,0,0,0,0.0,0.0,0.0,0.0,0.0,0.0,0.0,0.0,0.0,0.0,0,0.0,0.0,0.258116564085952,0,0.0,0.0,0,0.0,0.0,0.0,0
vW0IQoSweVI,22,5,105,110,,,,0,0,0,0.0,0.0,0.0,0.0,0.0,0.0,0.0,0.0,0.0,0.0,0,0.0,0.0,0.32516264442284853,0,0.0,0.0,0,0.0,0.0,0.0,0
vW0IQoSweVI,23,5,110,115,,,,0,0,0,0.0,0.0,0.0,0.0,0.0,0.0,0.0,0.0,0.0,0.0,0,0.0,0.0,0.3178625418421337,0,0.0,0.0,0,0.0,0.0,0.0,0
vW0IQoSweVI,24,5,115,120,,,,0,0,0,0.0,0.0,0.0,0.0,0.0,0.0,0.0,0.0,0.0,0.0,0,0.0,0.0,0.3063578447251918,0,0.0,0.0,0,0.0,0.0,0.0,0
vW0IQoSweVI,25,5,120,125,,,,0,0,0,0.0,0.0,0.0,0.0,0.0,0.0,0.0,0.0,0.0,0.0,0,0.0,0.0,0.19850961019328364,0,0.0,0.0,0,0.0,0.0,0.0,0
vW0IQoSweVI,26,5,125,130,,,,0,0,0,0.0,0.0,0.0,0.0,0.0,0.0,0.0,0.0,0.0,0.0,0,0.0,0.0,0.15929907677356664,0,0.0,0.0,0,0.0,0.0,0.0,0
vW0IQoSweVI,27,5,130,135,,,,0,0,0,0.0,0.0,0.0,0.0,0.0,0.0,0.0,0.0,0.0,0.0,0,0.0,0.0,0.1359079743008315,0,0.0,0.0,0,0.0,0.0,0.0,0
vW0IQoSweVI,28,5,135,140,Joy,happy,sad,1,1,1,1.0,-0.0,0.0,0.13392857142857142,0.3197889328002929,0.220365509390831,0.54656337313354,0.8246211251235321,1.0,0.39999999999999997,0,0.0,1.0,0.1362780747219523,0,1.0,-0.0,0,1.0,0.3333333333333333,0.0,5
vW0IQoSweVI,29,5,140,145,,,,0,0,0,0.0,0.0,0.0,0.0,0.0,0.0,0.0,0.0,0.0,0.0,0,0.0,0.0,0.15712800993413248,0,-1.0,0.0,0,0.0,0.3333333333333333,0.0,0
vW0IQoSweVI,30,5,145,150,,,,0,0,0,0.0,0.0,0.0,0.0,0.0,0.0,0.0,0.0,0.0,0.0,0,0.0,0.0,0.16117724867724878,0,0.0,0.0,0,0.0,0.3333333333333333,0.0,0
vW0IQoSweVI,31,5,150,155,,,,0,0,0,0.0,0.0,0.0,0.0,0.0,0.0,0.0,0.0,0.0,0.0,0,0.0,0.0,0.16718793866753057,0,0.0,0.0,0,0.0,0.0,0.0,0
vW0IQoSweVI,32,5,155,160,,,,0,0,0,0.0,0.0,0.0,0.0,0.0,0.0,0.0,0.0,0.0,0.0,0,0.0,0.0,0.18493170283986626,0,0.0,0.0,0,0.0,0.0,0.0,0
vW0IQoSweVI,33,5,160,165,,,,0,0,0,0.0,0.0,0.0,0.0,0.0,0.0,0.0,0.0,0.0,0.0,0,0.0,0.0,0.1799522189828313,0,0.0,0.0,0,0.0,0.0,0.0,0
vW0IQoSweVI,34,5,165,170,,,,0,0,0,0.0,0.0,0.0,0.0,0.0,0.0,0.0,0.0,0.0,0.0,0,0.0,0.0,0.17320348774430414,0,0.0,0.0,0,0.0,0.0,0.0,0
vW0IQoSweVI,35,5,170,175,,,,0,0,0,0.0,0.0,0.0,0.0,0.0,0.0,0.0,0.0,0.0,0.0,0,0.0,0.0,0.14414777021919886,0,0.0,0.0,0,0.0,0.0,0.0,0
vW0IQoSweVI,36,5,175,180,,,,0,0,0,0.0,0.0,0.0,0.0,0.0,0.0,0.0,0.0,0.0,0.0,0,0.0,0.0,0.12062547241118673,0,0.0,0.0,0,0.0,0.0,0.0,0
vW0IQoSweVI,37,5,180,185,,,,0,0,0,0.0,0.0,0.0,0.0,0.0,0.0,0.0,0.0,0.0,0.0,0,0.0,0.0,0.11117724867724868,0,0.0,0.0,0,0.0,0.0,0.0,0
vW0IQoSweVI,38,5,185,190,,,,0,0,0,0.0,0.0,0.0,0.0,0.0,0.0,0.0,0.0,0.0,0.0,0,0.0,0.0,0.10535147392290249,0,0.0,0.0,0,0.0,0.0,0.0,0
vW0IQoSweVI,39,5,190,195,,,,0,0,0,0.0,0.0,0.0,0.0,0.0,0.0,0.0,0.0,0.0,0.0,0,0.0,0.0,0.11453892668178382,0,0.0,0.0,0,0.0,0.0,0.0,0
vW0IQoSweVI,40,5,195,200,,,,0,0,0,0.0,0.0,0.0,0.0,0.0,0.0,0.0,0.0,0.0,0.0,0,0.0,0.0,0.11481481481481481,0,0.0,0.0,0,0.0,0.0,0.0,0
vW0IQoSweVI,41,5,200,205,,,,0,0,0,0.0,0.0,0.0,0.0,0.0,0.0,0.0,0.0,0.0,0.0,0,0.0,0.0,0.11481481481481481,0,0.0,0.0,0,0.0,0.0,0.0,0
vW0IQoSweVI,42,5,205,210,Envy,disgusted,neutral,1,1,1,0.4,-0.0,0.0,0.13392857142857142,0.222944438457489,0.1992044746875763,0.5692831128835677,0.412310562561766,0.0,0.6,0,0.0,1.0,0.11481481481481481,0,0.4,-0.0,0,0.4,0.13333333333333333,0.0,0
vW0IQoSweVI,43,5,210,215,,,,0,0,0,0.0,0.0,0.0,0.0,0.0,0.0,0.0,0.0,0.0,0.0,0,0.0,0.0,0.11481481481481481,0,-0.4,0.0,0,0.0,0.13333333333333333,0.0,0
vW0IQoSweVI,44,5,215,220,,,,0,0,0,0.0,0.0,0.0,0.0,0.0,0.0,0.0,0.0,0.0,0.0,0,0.0,0.0,0.11481481481481481,0,0.0,0.0,0,0.0,0.13333333333333333,0.0,0
vW0IQoSweVI,45,5,220,225,,,,0,0,0,0.0,0.0,0.0,0.0,0.0,0.0,0.0,0.0,0.0,0.0,0,0.0,0.0,0.11481481481481481,0,0.0,0.0,0,0.0,0.0,0.0,0
vW0IQoSweVI,46,5,225,230,,,,0,0,0,0.0,0.0,0.0,0.0,0.0,0.0,0.0,0.0,0.0,0.0,0,0.0,0.0,0.11481481481481481,0,0.0,0.0,0,0.0,0.0,0.0,0
vW0IQoSweVI,47,5,230,235,,,,0,0,0,0.0,0.0,0.0,0.0,0.0,0.0,0.0,0.0,0.0,0.0,0,0.0,0.0,0.11481481481481481,0,0.0,0.0,0,0.0,0.0,0.0,0
vW0IQoSweVI,48,5,235,240,,,,0,0,0,0.0,0.0,0.0,0.0,0.0,0.0,0.0,0.0,0.0,0.0,0,0.0,0.0,0.11481481481481481,0,0.0,0.0,0,0.0,0.0,0.0,0
vW0IQoSweVI,49,5,240,245,,,,0,0,0,0.0,0.0,0.0,0.0,0.0,0.0,0.0,0.0,0.0,0.0,0,0.0,0.0,0.11481481481481481,0,0.0,0.0,0,0.0,0.0,0.0,0
vW0IQoSweVI,50,5,245,250,,,,0,0,0,0.0,0.0,0.0,0.0,0.0,0.0,0.0,0.0,0.0,0.0,0,0.0,0.0,0.11481481481481481,0,0.0,0.0,0,0.0,0.0,0.0,0
vW0IQoSweVI,51,5,250,255,,,,0,0,0,0.0,0.0,0.0,0.0,0.0,0.0,0.0,0.0,0.0,0.0,0,0.0,0.0,0.11481481481481481,0,0.0,0.0,0,0.0,0.0,0.0,0
vW0IQoSweVI,52,5,255,260,,,,0,0,0,0.0,0.0,0.0,0.0,0.0,0.0,0.0,0.0,0.0,0.0,0,0.0,0.0,0.11481481481481481,0,0.0,0.0,0,0.0,0.0,0.0,0
vW0IQoSweVI,53,5,260,265,,,,0,0,0,0.0,0.0,0.0,0.0,0.0,0.0,0.0,0.0,0.0,0.0,0,0.0,0.0,0.11481481481481481,0,0.0,0.0,0,0.0,0.0,0.0,0
vW0IQoSweVI,54,5,265,270,,,,0,0,0,0.0,0.0,0.0,0.0,0.0,0.0,0.0,0.0,0.0,0.0,0,0.0,0.0,0.11481481481481481,0,0.0,0.0,0,0.0,0.0,0.0,0
vW0IQoSweVI,55,5,270,275,,,,0,0,0,0.0,0.0,0.0,0.0,0.0,0.0,0.0,0.0,0.0,0.0,0,0.0,0.0,0.11323075261850772,0,0.0,0.0,0,0.0,0.0,0.0,0
vW0IQoSweVI,56,5,275,280,,,,0,0,0,0.0,0.0,0.0,0.0,0.0,0.0,0.0,0.0,0.0,0.0,0,0.0,0.0,0.10209129683619485,0,0.0,0.0,0,0.0,0.0,0.0,0
vW0IQoSweVI,57,5,280,285,,,,0,0,0,0.0,0.0,0.0,0.0,0.0,0.0,0.0,0.0,0.0,0.0,0,0.0,0.0,0.11244601015009174,0,0.0,0.0,0,0.0,0.0,0.0,0
vW0IQoSweVI,58,5,285,290,,,,0,0,0,0.0,0.0,0.0,0.0,0.0,0.0,0.0,0.0,0.0,0.0,0,0.0,0.0,0.12459372637944062,0,0.0,0.0,0,0.0,0.0,0.0,0
vW0IQoSweVI,59,5,290,295,,,,0,0,0,0.0,0.0,0.0,0.0,0.0,0.0,0.0,0.0,0.0,0.0,0,0.0,0.0,0.14603296080336875,0,0.0,0.0,0,0.0,0.0,0.0,0
vW0IQoSweVI,60,5,295,300,,,,0,0,0,0.0,0.0,0.0,0.0,0.0,0.0,0.0,0.0,0.0,0.0,0,0.0,0.0,0.17832375013497453,0,0.0,0.0,0,0.0,0.0,0.0,0
vW0IQoSweVI,61,5,300,305,,,,0,0,0,0.0,0.0,0.0,0.0,0.0,0.0,0.0,0.0,0.0,0.0,0,0.0,0.0,0.2100427869560523,0,0.0,0.0,0,0.0,0.0,0.0,0
vW0IQoSweVI,62,5,305,310,,,,0,0,0,0.0,0.0,0.0,0.0,0.0,0.0,0.0,0.0,0.0,0.0,0,0.0,0.0,0.2546671525753159,0,0.0,0.0,0,0.0,0.0,0.0,0
vW0IQoSweVI,63,5,310,315,,,,0,0,0,0.0,0.0,0.0,0.0,0.0,0.0,0.0,0.0,0.0,0.0,0,0.0,0.0,0.3327000323939102,0,0.0,0.0,0,0.0,0.0,0.0,0
vW0IQoSweVI,64,5,315,320,,,,0,0,0,0.0,0.0,0.0,0.0,0.0,0.0,0.0,0.0,0.0,0.0,0,0.0,0.0,0.3316670715905411,0,0.0,0.0,0,0.0,0.0,0.0,0
vW0IQoSweVI,65,5,320,325,,,,0,0,0,0.0,0.0,0.0,0.0,0.0,0.0,0.0,0.0,0.0,0.0,0,0.0,0.0,0.3282927059712775,0,0.0,0.0,0,0.0,0.0,0.0,0
vW0IQoSweVI,66,5,325,330,,,,0,0,0,0.0,0.0,0.0,0.0,0.0,0.0,0.0,0.0,0.0,0.0,0,0.0,0.0,0.23336410754778095,0,0.0,0.0,0,0.0,0.0,0.0,0
vW0IQoSweVI,67,5,330,335,,,,0,0,0,0.0,0.0,0.0,0.0,0.0,0.0,0.0,0.0,0.0,0.0,0,0.0,0.0,0.18383746355685138,0,0.0,0.0,0,0.0,0.0,0.0,0
vW0IQoSweVI,68,5,335,340,,,,0,0,0,0.0,0.0,0.0,0.0,0.0,0.0,0.0,0.0,0.0,0.0,0,0.0,0.0,0.16526832955404397,0,0.0,0.0,0,0.0,0.0,0.0,0
vW0IQoSweVI,69,5,340,345,,,,0,0,0,0.0,0.0,0.0,0.0,0.0,0.0,0.0,0.0,0.0,0.0,0,0.0,0.0,0.16387188208616765,0,0.0,0.0,0,0.0,0.0,0.0,0
vW0IQoSweVI,70,5,345,350,,,,0,0,0,0.0,0.0,0.0,0.0,0.0,0.0,0.0,0.0,0.0,0.0,0,0.0,0.0,0.19752861462045132,0,0.0,0.0,0,0.0,0.0,0.0,0
vW0IQoSweVI,71,5,350,355,,,,0,0,0,0.0,0.0,0.0,0.0,0.0,0.0,0.0,0.0,0.0,0.0,0,0.0,0.0,0.20427734585897853,0,0.0,0.0,0,0.0,0.0,0.0,0
vW0IQoSweVI,72,5,355,360,,,,0,0,0,0.0,0.0,0.0,0.0,0.0,0.0,0.0,0.0,0.0,0.0,0,0.0,0.0,0.21169717093186477,0,0.0,0.0,0,0.0,0.0,0.0,0
vW0IQoSweVI,73,5,360,365,Disgust,disgusted,fearful,1,1,1,0.8,-0.0,0.0,0.13392857142857142,0.218297928571701,0.079597607254982,0.5922791853547095,0.14142135623730953,0.0,0.30000000000000004,0,0.0,0.0,0.232328852175791,0,0.8,-0.0,0,0.8,0.26666666666666666,0.0,5
vW0IQoSweVI,74,5,365,370,,,,0,0,0,0.0,0.0,0.0,0.0,0.0,0.0,0.0,0.0,0.0,0.0,0,0.0,0.0,0.225494681999784,0,-0.8,0.0,0,0.0,0.26666666666666666,0.0,0
vW0IQoSweVI,75,5,370,375,,,,0,0,0,0.0,0.0,0.0,0.0,0.0,0.0,0.0,0.0,0.0,0.0,0,0.0,0.0,0.2137815840621963,0,0.0,0.0,0,0.0,0.26666666666666666,0.0,0
vW0IQoSweVI,76,5,375,380,,,,0,0,0,0.0,0.0,0.0,0.0,0.0,0.0,0.0,0.0,0.0,0.0,0,0.0,0.0,0.1727390400604684,0,0.0,0.0,0,0.0,0.0,0.0,0
vW0IQoSweVI,77,5,380,385,,,,0,0,0,0.0,0.0,0.0,0.0,0.0,0.0,0.0,0.0,0.0,0.0,0,0.0,0.0,0.12866118669690102,0,0.0,0.0,0,0.0,0.0,0.0,0
vW0IQoSweVI,78,5,385,390,,,,0,0,0,0.0,0.0,0.0,0.0,0.0,0.0,0.0,0.0,0.0,0.0,0,0.0,0.0,0.12393707482993199,0,0.0,0.0,0,0.0,0.0,0.0,0
vW0IQoSweVI,79,5,390,395,,,,0,0,0,0.0,0.0,0.0,0.0,0.0,0.0,0.0,0.0,0.0,0.0,0,0.0,0.0,0.1241279289493575,0,0.0,0.0,0,0.0,0.0,0.0,0
vW0IQoSweVI,80,5,395,400,,,,0,0,0,0.0,0.0,0.0,0.0,0.0,0.0,0.0,0.0,0.0,0.0,0,0.0,0.0,0.16932134758665363,0,0.0,0.0,0,0.0,0.0,0.0,0
vW0IQoSweVI,81,5,400,405,,,,0,0,0,0.0,0.0,0.0,0.0,0.0,0.0,0.0,0.0,0.0,0.0,0,0.0,0.0,0.18609558902926263,0,0.0,0.0,0,0.0,0.0,0.0,0
vW0IQoSweVI,82,5,405,410,Joy,happy,happy,2,1,1,0.0,-0.0,0.0,0.13392857142857142,0.9143722951412201,0.9143722951412201,0.6854597778990863,0.0,0.0,0.0,0,0.0,1.0,0.19908284742468432,0,0.0,-0.0,0,0.0,0.0,0.0,0
vW0IQoSweVI,83,5,410,415,,,,0,0,0,0.0,0.0,0.0,0.0,0.0,0.0,0.0,0.0,0.0,0.0,0,0.0,0.0,0.219000647878199,0,0.0,0.0,0,0.0,0.0,0.0,0
vW0IQoSweVI,84,5,415,420,,,,0,0,0,0.0,0.0,0.0,0.0,0.0,0.0,0.0,0.0,0.0,0.0,0,0.0,0.0,0.22074559982723257,0,0.0,0.0,0,0.0,0.0,0.0,0
vW0IQoSweVI,85,5,420,425,Envy,disgusted,sad,2,2,1,0.85,-0.0,0.0,0.19642857142857142,0.4275057762861251,0.0716980723664164,0.46494633024558407,0.48302124068042085,0.5,0.35,0,0.0,0.7,0.20994762984558918,0,0.85,-0.0,0,0.85,0.2833333333333333,0.0,5
vW0IQoSweVI,86,5,425,430,,,,0,0,0,0.0,0.0,0.0,0.0,0.0,0.0,0.0,0.0,0.0,0.0,0,0.0,0.0,0.18934186372961886,0,-0.85,0.0,0,0.0,0.2833333333333333,0.0,0
vW0IQoSweVI,87,5,430,435,,,,0,0,0,0.0,0.0,0.0,0.0,0.0,0.0,0.0,0.0,0.0,0.0,0,0.0,0.0,0.13140211640211633,0,0.0,0.0,0,0.0,0.2833333333333333,0.0,0
vW0IQoSweVI,88,5,435,440,,,,0,0,0,0.0,0.0,0.0,0.0,0.0,0.0,0.0,0.0,0.0,0.0,0,0.0,0.0,0.11573601662887374,0,0.0,0.0,0,0.0,0.0,0.0,0
vW0IQoSweVI,89,5,440,445,,,,0,0,0,0.0,0.0,0.0,0.0,0.0,0.0,0.0,0.0,0.0,0.0,0,0.0,0.0,0.10156368102796678,0,0.0,0.0,0,0.0,0.0,0.0,0
vW0IQoSweVI,90,5,445,450,,,,0,0,0,0.0,0.0,0.0,0.0,0.0,0.0,0.0,0.0,0.0,0.0,0,0.0,0.0,0.10932161753590326,0,0.0,0.0,0,0.0,0.0,0.0,0
vW0IQoSweVI,91,5,450,455,Envy,disgusted,happy,4,3,2,0.5,0.28898309867585964,0.0,0.33035714285714285,0.5936029106378555,0.33532724529504776,0.6355849938816389,0.3807886552931954,0.5,0.04999999999999999,0,0.0,0.5,0.11481481481481481,0,0.5,0.28898309867585964,0,0.5,0.16666666666666666,0.16684446981175977,0
vW0IQoSweVI,92,5,455,460,Anger,angry,sad,4,4,2,0.55,0.28898309867585964,0.75,0.39285714285714285,0.4827292412519455,0.31688722781836987,0.5946817136136813,0.18149431988853054,0.0,0.4,0,0.0,0.5491071428571428,0.11481481481481481,0,0.050000000000000044,0.0,1,0.3833333333333334,0.35000000000000003,0.16684446981175977,0
vW0IQoSweVI,93,5,460,465,,,,0,0,0,0.0,0.0,0.0,0.0,0.0,0.0,0.0,0.0,0.0,0.0,0,0.0,0.0,0.1007914911996548,0,-0.55,-0.28898309867585964,0,0.0,0.35000000000000003,0.16684446981175977,0
vW0IQoSweVI,94,5,465,470,,,,0,0,0,0.0,0.0,0.0,0.0,0.0,0.0,0.0,0.0,0.0,0.0,0,0.0,0.0,0.08235341755749884,0,0.0,0.0,0,0.0,0.18333333333333335,0.1668444698117598,0
vW0IQoSweVI,95,5,470,475,,,,0,0,0,0.0,0.0,0.0,0.0,0.0,0.0,0.0,0.0,0.0,0.0,0,0.0,0.0,0.11744681999784001,0,0.0,0.0,0,0.0,0.0,0.0,0
vW0IQoSweVI,96,5,475,480,,,,0,0,0,0.0,0.0,0.0,0.0,0.0,0.0,0.0,0.0,0.0,0.0,0,0.0,0.0,0.15662752402548236,0,0.0,0.0,0,0.0,0.0,0.0,0
vW0IQoSweVI,97,5,480,485,,,,0,0,0,0.0,0.0,0.0,0.0,0.0,0.0,0.0,0.0,0.0,0.0,0,0.0,0.0,0.29979065435698016,0,0.0,0.0,0,0.0,0.0,0.0,0
vW0IQoSweVI,98,5,485,490,,,,0,0,0,0.0,0.0,0.0,0.0,0.0,0.0,0.0,0.0,0.0,0.0,0,0.0,0.0,0.347164183133571,0,0.0,0.0,0,0.0,0.0,0.0,0
vW0IQoSweVI,99,5,490,495,,,,0,0,0,0.0,0.0,0.0,0.0,0.0,0.0,0.0,0.0,0.0,0.0,0,0.0,0.0,0.37035552316164566,0,0.0,0.0,0,0.0,0.0,0.0,0
vW0IQoSweVI,100,5,495,500,,,,0,0,0,0.0,0.0,0.0,0.0,0.0,0.0,0.0,0.0,0.0,0.0,0,0.0,0.0,0.35060819565921536,0,0.0,0.0,0,0.0,0.0,0.0,0
vW0IQoSweVI,101,5,500,505,,,,0,0,0,0.0,0.0,0.0,0.0,0.0,0.0,0.0,0.0,0.0,0.0,0,0.0,0.0,0.29195281287118,0,0.0,0.0,0,0.0,0.0,0.0,0
vW0IQoSweVI,102,5,505,510,,,,0,0,0,0.0,0.0,0.0,0.0,0.0,0.0,0.0,0.0,0.0,0.0,0,0.0,0.0,0.2703568729078931,0,0.0,0.0,0,0.0,0.0,0.0,0
vW0IQoSweVI,103,5,510,515,,,,0,0,0,0.0,0.0,0.0,0.0,0.0,0.0,0.0,0.0,0.0,0.0,0,0.0,0.0,0.24798887809091874,0,0.0,0.0,0,0.0,0.0,0.0,0
vW0IQoSweVI,104,5,515,520,,,,0,0,0,0.0,0.0,0.0,0.0,0.0,0.0,0.0,0.0,0.0,0.0,0,0.0,0.0,0.22113527156894514,0,0.0,0.0,0,0.0,0.0,0.0,0
vW0IQoSweVI,105,5,520,525,,,,0,0,0,0.0,0.0,0.0,0.0,0.0,0.0,0.0,0.0,0.0,0.0,0,0.0,0.0,0.2095838732318324,0,0.0,0.0,0,0.0,0.0,0.0,0
vW0IQoSweVI,106,5,525,530,,,,0,0,0,0.0,0.0,0.0,0.0,0.0,0.0,0.0,0.0,0.0,0.0,0,0.0,0.0,0.1994607763740416,0,0.0,0.0,0,0.0,0.0,0.0,0
vW0IQoSweVI,107,5,530,535,,,,0,0,0,0.0,0.0,0.0,0.0,0.0,0.0,0.0,0.0,0.0,0.0,0,0.0,0.0,0.21045715905409806,0,0.0,0.0,0,0.0,0.0,0.0,0
vW0IQoSweVI,108,5,535,540,,,,0,0,0,0.0,0.0,0.0,0.0,0.0,0.0,0.0,0.0,0.0,0.0,0,0.0,0.0,0.21475205161429659,0,0.0,0.0,0,0.0,0.0,0.0,0
vW0IQoSweVI,109,5,540,545,,,,0,0,0,0.0,0.0,0.0,0.0,0.0,0.0,0.0,0.0,0.0,0.0,0,0.0,0.0,0.20192946226109507,0,0.0,0.0,0,0.0,0.0,0.0,0
vW0IQoSweVI,110,5,545,550,,,,0,0,0,0.0,0.0,0.0,0.0,0.0,0.0,0.0,0.0,0.0,0.0,0,0.0,0.0,0.18108533095778018,0,0.0,0.0,0,0.0,0.0,0.0,0
vW0IQoSweVI,111,5,550,555,Ennui,neutral,sad,1,1,1,0.5,-0.0,0.0,0.13392857142857142,0.2776080965995788,0.0717415809631347,0.6043477874249217,0.38209946349085605,0.0,0.3,0,0.0,0.0,0.13020462153115217,0,0.5,-0.0,0,0.5,0.16666666666666666,0.0,0
vW0IQoSweVI,112,5,555,560,,,,0,0,0,0.0,0.0,0.0,0.0,0.0,0.0,0.0,0.0,0.0,0.0,0,0.0,0.0,0.11922713529856392,0,-0.5,0.0,0,0.0,0.16666666666666666,0.0,0
vW0IQoSweVI,113,5,560,565,,,,0,0,0,0.0,0.0,0.0,0.0,0.0,0.0,0.0,0.0,0.0,0.0,0,0.0,0.0,0.10977891156462594,0,0.0,0.0,0,0.0,0.16666666666666666,0.0,0
vW0IQoSweVI,114,5,565,570,,,,0,0,0,0.0,0.0,0.0,0.0,0.0,0.0,0.0,0.0,0.0,0.0,0,0.0,0.0,0.1053900766655868,0,0.0,0.0,0,0.0,0.0,0.0,0
vW0IQoSweVI,115,5,570,575,,,,0,0,0,0.0,0.0,0.0,0.0,0.0,0.0,0.0,0.0,0.0,0.0,0,0.0,0.0,0.1261823777129896,0,0.0,0.0,0,0.0,0.0,0.0,0
vW0IQoSweVI,116,5,575,580,,,,0,0,0,0.0,0.0,0.0,0.0,0.0,0.0,0.0,0.0,0.0,0.0,0,0.0,0.0,0.1531773026670984,0,0.0,0.0,0,0.0,0.0,0.0,0
vW0IQoSweVI,117,5,580,585,Envy,disgusted,sad,2,2,2,0.35,0.3562071871080222,0.0,0.26785714285714285,0.6786744147539139,0.5190083011984825,0.6238691247068343,0.07071067811865475,0.0,0.15,0,0.0,0.5277777777777778,0.1984828852175789,0,0.35,0.3562071871080222,0,0.35,0.11666666666666665,0.20565631536409604,0
vW0IQoSweVI,118,5,585,590,,,,0,0,0,0.0,0.0,0.0,0.0,0.0,0.0,0.0,0.0,0.0,0.0,0,0.0,0.0,0.2737514847208724,0,-0.35,-0.3562071871080222,0,0.0,0.11666666666666665,0.20565631536409607,0
vW0IQoSweVI,119,5,590,595,,,,0,0,0,0.0,0.0,0.0,0.0,0.0,0.0,0.0,0.0,0.0,0.0,0,0.0,0.0,0.3047956484180977,0,0.0,0.0,0,0.0,0.11666666666666665,0.20565631536409607,0
vW0IQoSweVI,120,5,595,600,,,,0,0,0,0.0,0.0,0.0,0.0,0.0,0.0,0.0,0.0,0.0,0.0,0,0.0,0.0,0.3360657596371885,0,0.0,0.0,0,0.0,0.0,0.0,0
vW0IQoSweVI,121,5,600,605,,,,0,0,0,0.0,0.0,0.0,0.0,0.0,0.0,0.0,0.0,0.0,0.0,0,0.0,0.0,0.36801006910700795,0,0.0,0.0,0,0.0,0.0,0.0,0
vW0IQoSweVI,122,5,605,610,Ennui,neutral,sad,4,4,1,0.725,-0.0,0.0,0.3214285714285714,0.2715531773865223,0.12763645593076944,0.5594144348986445,0.40411752553791813,0.25,0.4,0,0.0,0.4444444444444444,0.3593645394665801,0,0.725,-0.0,0,0.725,0.24166666666666667,0.0,5
vW0IQoSweVI,123,5,610,615,Joy,happy,neutral,1,1,1,0.4,-0.0,1.0,0.13392857142857142,0.3054005801677704,0.0182620156556367,0.504267602972686,0.5458937625582472,0.0,0.7,0,0.0,0.8,0.34341863729618816,0,-0.32499999999999996,0.0,1,0.15833333333333335,0.375,0.0,0
vW0IQoSweVI,124,5,615,620,,,,0,0,0,0.0,0.0,0.0,0.0,0.0,0.0,0.0,0.0,0.0,0.0,0,0.0,0.0,0.2860652197386887,0,-0.4,0.0,0,0.0,0.375,0.0,0
vW0IQoSweVI,125,5,620,625,,,,0,0,0,0.0,0.0,0.0,0.0,0.0,0.0,0.0,0.0,0.0,0.0,0,0.0,0.0,0.2110766925817947,0,0.0,0.0,0,0.0,0.13333333333333333,0.0,0
vW0IQoSweVI,126,5,625,630,,,,0,0,0,0.0,0.0,0.0,0.0,0.0,0.0,0.0,0.0,0.0,0.0,0,0.0,0.0,0.1903202947845806,0,0.0,0.0,0,0.0,0.0,0.0,0
vW0IQoSweVI,127,5,630,635,,,,0,0,0,0.0,0.0,0.0,0.0,0.0,0.0,0.0,0.0,0.0,0.0,0,0.0,0.0,0.17449978404060026,0,0.0,0.0,0,0.0,0.0,0.0,0
vW0IQoSweVI,128,5,635,640,,,,0,0,0,0.0,0.0,0.0,0.0,0.0,0.0,0.0,0.0,0.0,0.0,0,0.0,0.0,0.20672430083144372,0,0.0,0.0,0,0.0,0.0,0.0,0
vW0IQoSweVI,129,5,640,645,,,,0,0,0,0.0,0.0,0.0,0.0,0.0,0.0,0.0,0.0,0.0,0.0,0,0.0,0.0,0.21250742360436234,0,0.0,0.0,0,0.0,0.0,0.0,0
vW0IQoSweVI,130,5,645,650,,,,0,0,0,0.0,0.0,0.0,0.0,0.0,0.0,0.0,0.0,0.0,0.0,0,0.0,0.0,0.2145320429759206,0,0.0,0.0,0,0.0,0.0,0.0,0
vW0IQoSweVI,131,5,650,655,,,,0,0,0,0.0,0.0,0.0,0.0,0.0,0.0,0.0,0.0,0.0,0.0,0,0.0,0.0,0.22206983587085638,0,0.0,0.0,0,0.0,0.0,0.0,0
vW0IQoSweVI,132,5,655,660,Joy,happy,neutral,1,1,1,0.4,-0.0,0.0,0.13392857142857142,0.516177237033844,0.1515708267688751,0.348475234210491,0.5458937625582472,0.0,0.7,0,0.0,0.7272727272727273,0.21761621315192742,0,0.4,-0.0,0,0.4,0.13333333333333333,0.0,0
vW0IQoSweVI,133,5,660,665,,,,0,0,0,0.0,0.0,0.0,0.0,0.0,0.0,0.0,0.0,0.0,0.0,0,0.0,0.0,0.20344387755102042,0,-0.4,0.0,0,0.0,0.13333333333333333,0.0,0
vW0IQoSweVI,134,5,665,670,,,,0,0,0,0.0,0.0,0.0,0.0,0.0,0.0,0.0,0.0,0.0,0.0,0,0.0,0.0,0.17445861678004565,0,0.0,0.0,0,0.0,0.13333333333333333,0.0,0
vW0IQoSweVI,135,5,670,675,,,,0,0,0,0.0,0.0,0.0,0.0,0.0,0.0,0.0,0.0,0.0,0.0,0,0.0,0.0,0.09597424684159395,0,0.0,0.0,0,0.0,0.0,0.0,0
vW0IQoSweVI,136,5,675,680,,,,0,0,0,0.0,0.0,0.0,0.0,0.0,0.0,0.0,0.0,0.0,0.0,0,0.0,0.0,0.11303652413346263,0,0.0,0.0,0,0.0,0.0,0.0,0
vW0IQoSweVI,137,5,680,685,,,,0,0,0,0.0,0.0,0.0,0.0,0.0,0.0,0.0,0.0,0.0,0.0,0,0.0,0.0,0.13395759097289675,0,0.0,0.0,0,0.0,0.0,0.0,0
vW0IQoSweVI,138,5,685,690,,,,0,0,0,0.0,0.0,0.0,0.0,0.0,0.0,0.0,0.0,0.0,0.0,0,0.0,0.0,0.25850016196954806,0,0.0,0.0,0,0.0,0.0,0.0,0
vW0IQoSweVI,139,5,690,695,Disgust,disgusted,neutral,2,2,2,0.2,0.3562071871080222,0.0,0.26785714285714285,0.3390115201473236,0.27756618708372116,0.4680882378481327,0.206155281280883,0.0,0.3,0,0.0,0.7916666666666666,0.3347046755210018,0,0.2,0.3562071871080222,0,0.2,0.06666666666666667,0.20565631536409607,0
vW0IQoSweVI,140,5,695,700,,,,0,0,0,0.0,0.0,0.0,0.0,0.0,0.0,0.0,0.0,0.0,0.0,0,0.0,0.0,0.36979807796134323,0,-0.2,-0.3562071871080222,0,0.0,0.06666666666666667,0.20565631536409607,0
vW0IQoSweVI,141,5,700,705,,,,0,0,0,0.0,0.0,0.0,0.0,0.0,0.0,0.0,0.0,0.0,0.0,0,0.0,0.0,0.3823315516682862,0,0.0,0.0,0,0.0,0.06666666666666667,0.20565631536409607,0
vW0IQoSweVI,142,5,705,710,,,,0,0,0,0.0,0.0,0.0,0.0,0.0,0.0,0.0,0.0,0.0,0.0,0,0.0,0.0,0.3469151549508693,0,0.0,0.0,0,0.0,0.0,0.0,0
vW0IQoSweVI,143,5,710,715,,,,0,0,0,0.0,0.0,0.0,0.0,0.0,0.0,0.0,0.0,0.0,0.0,0,0.0,0.0,0.35703825180866017,0,0.0,0.0,0,0.0,0.0,0.0,0
vW0IQoSweVI,144,5,715,720,,,,0,0,0,0.0,0.0,0.0,0.0,0.0,0.0,0.0,0.0,0.0,0.0,0,0.0,0.0,0.36918907245437904,0,0.0,0.0,0,0.0,0.0,0.0,0
vW0IQoSweVI,145,5,720,725,,,,0,0,0,0.0,0.0,0.0,0.0,0.0,0.0,0.0,0.0,0.0,0.0,0,0.0,0.0,0.44163265306122507,0,0.0,0.0,0,0.0,0.0,0.0,0
vW0IQoSweVI,146,5,725,730,,,,0,0,0,0.0,0.0,0.0,0.0,0.0,0.0,0.0,0.0,0.0,0.0,0,0.0,0.0,0.4328514739229026,0,0.0,0.0,0,0.0,0.0,0.0,0
vW0IQoSweVI,147,5,730,735,,,,0,0,0,0.0,0.0,0.0,0.0,0.0,0.0,0.0,0.0,0.0,0.0,0,0.0,0.0,0.40450680272108847,0,0.0,0.0,0,0.0,0.0,0.0,0
vW0IQoSweVI,148,5,735,740,,,,0,0,0,0.0,0.0,0.0,0.0,0.0,0.0,0.0,0.0,0.0,0.0,0,0.0,0.0,0.3174622071050639,0,0.0,0.0,0,0.0,0.0,0.0,0
vW0IQoSweVI,149,5,740,745,,,,0,0,0,0.0,0.0,0.0,0.0,0.0,0.0,0.0,0.0,0.0,0.0,0,0.0,0.0,0.19718915343915325,0,0.0,0.0,0,0.0,0.0,0.0,0
vW0IQoSweVI,150,5,745,750,,,,0,0,0,0.0,0.0,0.0,0.0,0.0,0.0,0.0,0.0,0.0,0.0,0,0.0,0.0,0.1546721466364323,0,0.0,0.0,0,0.0,0.0,0.0,0
vW0IQoSweVI,151,5,750,755,Envy,disgusted,fearful,4,2,3,0.675,0.5343107806620333,0.0,0.3392857142857143,0.40777480602264404,0.21922510722652078,0.6691170575097203,0.4161439943525228,0.5,0.125,2,1.0,0.7937062937062936,0.11677046215311523,0,0.675,0.5343107806620333,0,0.675,0.225,0.30848447304614407,5
vW0IQoSweVI,152,5,755,760,,,,0,0,0,0.0,0.0,0.0,0.0,0.0,0.0,0.0,0.0,0.0,0.0,0,0.0,0.0,0.13524254940071265,0,-0.675,-0.5343107806620333,0,0.0,0.225,0.30848447304614407,0
vW0IQoSweVI,153,5,760,765,,,,0,0,0,0.0,0.0,0.0,0.0,0.0,0.0,0.0,0.0,0.0,0.0,0,0.0,0.0,0.13293110895151725,0,0.0,0.0,0,0.0,0.225,0.30848447304614407,0
vW0IQoSweVI,154,5,765,770,,,,0,0,0,0.0,0.0,0.0,0.0,0.0,0.0,0.0,0.0,0.0,0.0,0,0.0,0.0,0.12735125796350294,0,0.0,0.0,0,0.0,0.0,0.0,0
vW0IQoSweVI,155,5,770,775,Envy,disgusted,sad,1,1,1,0.7,-0.0,0.0,0.13392857142857142,0.4975830912590027,0.2585531771183014,0.4933946905657647,0.1414213562373095,0.0,0.3,0,0.0,0.5384615384615384,0.1216510096101933,0,0.7,-0.0,0,0.7,0.2333333333333333,0.0,5
vW0IQoSweVI,156,5,775,780,,,,0,0,0,0.0,0.0,0.0,0.0,0.0,0.0,0.0,0.0,0.0,0.0,0,0.0,0.0,0.12230725623582765,0,-0.7,0.0,0,0.0,0.2333333333333333,0.0,0
vW0IQoSweVI,157,5,780,785,Envy,disgusted,fearful,3,1,1,0.8000000000000002,-0.0,0.0,0.13392857142857142,0.5139404535293579,0.04800042758385337,0.6872634335421024,0.14142135623730953,0.0,0.30000000000000004,0,0.0,0.9285714285714285,0.12635649497894394,0,0.8000000000000002,-0.0,0,0.5666666666666669,0.5,0.0,5
vW0IQoSweVI,158,5,785,790,Envy,disgusted,sad,1,1,1,0.7,-0.0,1.0,0.13392857142857142,0.4160042703151703,0.0563547424972057,0.5636277879588305,0.1414213562373095,0.0,0.3,0,0.0,0.5882352941176471,0.1329616132167152,0,-0.1000000000000002,0.0,1,0.19999999999999996,0.5,0.0,10
vW0IQoSweVI,159,5,790,795,,,,0,0,0,0.0,0.0,0.0,0.0,0.0,0.0,0.0,0.0,0.0,0.0,0,0.0,0.0,0.15133813842997518,0,-0.7,0.0,0,0.0,0.5,0.0,0
vW0IQoSweVI,160,5,795,800,Envy,disgusted,fearful,1,1,1,0.8,-0.0,0.0,0.13392857142857142,0.3653304874897003,0.045261200517416,0.5995510779321193,0.14142135623730953,0.0,0.30000000000000004,0,0.0,0.7777777777777778,0.1586181297915992,0,0.8,-0.0,0,0.30000000000000004,0.5,0.0,5
vW0IQoSweVI,161,5,800,805,,,,0,0,0,0.0,0.0,0.0,0.0,0.0,0.0,0.0,0.0,0.0,0.0,0,0.0,0.0,0.16536686103012643,0,-0.8,0.0,0,0.0,0.26666666666666666,0.0,0
vW0IQoSweVI,162,5,805,810,,,,0,0,0,0.0,0.0,0.0,0.0,0.0,0.0,0.0,0.0,0.0,0.0,0,0.0,0.0,0.17648202137998067,0,0.0,0.0,0,0.0,0.26666666666666666,0.0,0
vW0IQoSweVI,163,5,810,815,,,,0,0,0,0.0,0.0,0.0,0.0,0.0,0.0,0.0,0.0,0.0,0.0,0,0.0,0.0,0.17541099773242635,0,0.0,0.0,0,0.0,0.0,0.0,0
vW0IQoSweVI,164,5,815,820,,,,0,0,0,0.0,0.0,0.0,0.0,0.0,0.0,0.0,0.0,0.0,0.0,0,0.0,0.0,0.1690165748839219,0,0.0,0.0,0,0.0,0.0,0.0,0
vW0IQoSweVI,165,5,820,825,,,,0,0,0,0.0,0.0,0.0,0.0,0.0,0.0,0.0,0.0,0.0,0.0,0,0.0,0.0,0.14239175035093402,0,0.0,0.0,0,0.0,0.0,0.0,0
vW0IQoSweVI,166,5,825,830,,,,0,0,0,0.0,0.0,0.0,0.0,0.0,0.0,0.0,0.0,0.0,0.0,0,0.0,0.0,0.0929016844833173,0,0.0,0.0,0,0.0,0.0,0.0,0
vW0IQoSweVI,167,5,830,835,,,,0,0,0,0.0,0.0,0.0,0.0,0.0,0.0,0.0,0.0,0.0,0.0,0,0.0,0.0,0.11584737069430957,0,0.0,0.0,0,0.0,0.0,0.0,0
vW0IQoSweVI,168,5,835,840,,,,0,0,0,0.0,0.0,0.0,0.0,0.0,0.0,0.0,0.0,0.0,0.0,0,0.0,0.0,0.14234019004427195,0,0.0,0.0,0,0.0,0.0,0.0,0
vW0IQoSweVI,169,5,840,845,,,,0,0,0,0.0,0.0,0.0,0.0,0.0,0.0,0.0,0.0,0.0,0.0,0,0.0,0.0,0.29472168232372453,0,0.0,0.0,0,0.0,0.0,0.0,0
vW0IQoSweVI,170,5,845,850,,,,0,0,0,0.0,0.0,0.0,0.0,0.0,0.0,0.0,0.0,0.0,0.0,0,0.0,0.0,0.3287037037037037,0,0.0,0.0,0,0.0,0.0,0.0,0
vW0IQoSweVI,171,5,850,855,,,,0,0,0,0.0,0.0,0.0,0.0,0.0,0.0,0.0,0.0,0.0,0.0,0,0.0,0.0,0.3287037037037037,0,0.0,0.0,0,0.0,0.0,0.0,0
vW0IQoSweVI,172,5,855,860,,,,0,0,0,0.0,0.0,0.0,0.0,0.0,0.0,0.0,0.0,0.0,0.0,0,0.0,0.0,0.2590740740740741,0,0.0,0.0,0,0.0,0.0,0.0,0
vW0IQoSweVI,173,5,860,865,,,,0,0,0,0.0,0.0,0.0,0.0,0.0,0.0,0.0,0.0,0.0,0.0,0,0.0,0.0,0.1388416477702194,0,0.0,0.0,0,0.0,0.0,0.0,0
vW0IQoSweVI,174,5,865,870,,,,0,0,0,0.0,0.0,0.0,0.0,0.0,0.0,0.0,0.0,0.0,0.0,0,0.0,0.0,0.11034108087679542,0,0.0,0.0,0,0.0,0.0,0.0,0
vW0IQoSweVI,175,5,870,875,Joy,happy,happy,1,1,1,0.0,-0.0,0.0,0.13392857142857142,0.767265260219574,0.767265260219574,0.6390273324679582,0.0,0.0,0.0,0,0.0,0.5333333333333333,0.08577569916855624,0,0.0,-0.0,0,0.0,0.0,0.0,0
vW0IQoSweVI,176,5,875,880,,,,0,0,0,0.0,0.0,0.0,0.0,0.0,0.0,0.0,0.0,0.0,0.0,0,0.0,0.0,0.1195763146528452,0,0.0,0.0,0,0.0,0.0,0.0,0
vW0IQoSweVI,177,5,880,885,,,,0,0,0,0.0,0.0,0.0,0.0,0.0,0.0,0.0,0.0,0.0,0.0,0,0.0,0.0,0.12997246517654684,0,0.0,0.0,0,0.0,0.0,0.0,0
vW0IQoSweVI,178,5,885,890,,,,0,0,0,0.0,0.0,0.0,0.0,0.0,0.0,0.0,0.0,0.0,0.0,0,0.0,0.0,0.13555771514955187,0,0.0,0.0,0,0.0,0.0,0.0,0
vW0IQoSweVI,179,5,890,895,,,,0,0,0,0.0,0.0,0.0,0.0,0.0,0.0,0.0,0.0,0.0,0.0,0,0.0,0.0,0.14873839218226967,0,0.0,0.0,0,0.0,0.0,0.0,0
vW0IQoSweVI,180,5,895,900,,,,0,0,0,0.0,0.0,0.0,0.0,0.0,0.0,0.0,0.0,0.0,0.0,0,0.0,0.0,0.1559962477054314,0,0.0,0.0,0,0.0,0.0,0.0,0
vW0IQoSweVI,181,5,900,905,,,,0,0,0,0.0,0.0,0.0,0.0,0.0,0.0,0.0,0.0,0.0,0.0,0,0.0,0.0,0.15374217147176336,0,0.0,0.0,0,0.0,0.0,0.0,0
vW0IQoSweVI,182,5,905,910,,,,0,0,0,0.0,0.0,0.0,0.0,0.0,0.0,0.0,0.0,0.0,0.0,0,0.0,0.0,0.1455890292624989,0,0.0,0.0,0,0.0,0.0,0.0,0
vW0IQoSweVI,183,5,910,915,,,,0,0,0,0.0,0.0,0.0,0.0,0.0,0.0,0.0,0.0,0.0,0.0,0,0.0,0.0,0.11413940179246322,0,0.0,0.0,0,0.0,0.0,0.0,0
vW0IQoSweVI,184,5,915,920,,,,0,0,0,0.0,0.0,0.0,0.0,0.0,0.0,0.0,0.0,0.0,0.0,0,0.0,0.0,0.11460222978080119,0,0.0,0.0,0,0.0,0.0,0.0,0
vW0IQoSweVI,185,5,920,925,,,,0,0,0,0.0,0.0,0.0,0.0,0.0,0.0,0.0,0.0,0.0,0.0,0,0.0,0.0,0.1166268491523593,0,0.0,0.0,0,0.0,0.0,0.0,0
vW0IQoSweVI,186,5,925,930,,,,0,0,0,0.0,0.0,0.0,0.0,0.0,0.0,0.0,0.0,0.0,0.0,0,0.0,0.0,0.14640022675736902,0,0.0,0.0,0,0.0,0.0,0.0,0
vW0IQoSweVI,187,5,930,935,,,,0,0,0,0.0,0.0,0.0,0.0,0.0,0.0,0.0,0.0,0.0,0.0,0,0.0,0.0,0.16490794730590644,0,0.0,0.0,0,0.0,0.0,0.0,0
vW0IQoSweVI,188,5,935,940,,,,0,0,0,0.0,0.0,0.0,0.0,0.0,0.0,0.0,0.0,0.0,0.0,0,0.0,0.0,0.17165667854443356,0,0.0,0.0,0,0.0,0.0,0.0,0
vW0IQoSweVI,189,5,940,945,,,,0,0,0,0.0,0.0,0.0,0.0,0.0,0.0,0.0,0.0,0.0,0.0,0,0.0,0.0,0.17365970197602862,0,0.0,0.0,0,0.0,0.0,0.0,0
vW0IQoSweVI,190,5,945,950,,,,0,0,0,0.0,0.0,0.0,0.0,0.0,0.0,0.0,0.0,0.0,0.0,0,0.0,0.0,0.1627901954432567,0,0.0,0.0,0,0.0,0.0,0.0,0
vW0IQoSweVI,191,5,950,955,Embarrassment,surprised,angry,1,1,1,0.8,-0.0,0.0,0.13392857142857142,0.4067115783691406,0.0145886857062578,0.7320567358285187,0.4472135954999579,1.0,0.0,0,0.0,0.0,0.16009070294784594,0,0.8,-0.0,0,0.8,0.26666666666666666,0.0,5
vW0IQoSweVI,192,5,955,960,,,,0,0,0,0.0,0.0,0.0,0.0,0.0,0.0,0.0,0.0,0.0,0.0,0,0.0,0.0,0.1574932512687616,0,-0.8,0.0,0,0.0,0.26666666666666666,0.0,0
vW0IQoSweVI,193,5,960,965,,,,0,0,0,0.0,0.0,0.0,0.0,0.0,0.0,0.0,0.0,0.0,0.0,0,0.0,0.0,0.15871504157218452,0,0.0,0.0,0,0.0,0.26666666666666666,0.0,0
vW0IQoSweVI,194,5,965,970,,,,0,0,0,0.0,0.0,0.0,0.0,0.0,0.0,0.0,0.0,0.0,0.0,0,0.0,0.0,0.1535916747651442,0,0.0,0.0,0,0.0,0.0,0.0,0
vW0IQoSweVI,195,5,970,975,,,,0,0,0,0.0,0.0,0.0,0.0,0.0,0.0,0.0,0.0,0.0,0.0,0,0.0,0.0,0.14684294352661695,0,0.0,0.0,0,0.0,0.0,0.0,0
vW0IQoSweVI,196,5,975,980,,,,0,0,0,0.0,0.0,0.0,0.0,0.0,0.0,0.0,0.0,0.0,0.0,0,0.0,0.0,0.13434105388186976,0,0.0,0.0,0,0.0,0.0,0.0,0
vW0IQoSweVI,197,5,980,985,,,,0,0,0,0.0,0.0,0.0,0.0,0.0,0.0,0.0,0.0,0.0,0.0,0,0.0,0.0,0.11926897743224263,0,0.0,0.0,0,0.0,0.0,0.0,0
vW0IQoSweVI,198,5,985,990,,,,0,0,0,0.0,0.0,0.0,0.0,0.0,0.0,0.0,0.0,0.0,0.0,0,0.0,0.0,0.1138699924414209,0,0.0,0.0,0,0.0,0.0,0.0,0
vW0IQoSweVI,199,5,990,995,,,,0,0,0,0.0,0.0,0.0,0.0,0.0,0.0,0.0,0.0,0.0,0.0,0,0.0,0.0,0.10669150199762412,0,0.0,0.0,0,0.0,0.0,0.0,0
vW0IQoSweVI,200,5,995,1000,Disgust,disgusted,happy,1,1,1,1.0,-0.0,0.0,0.13392857142857142,0.8216776847839355,0.0091095613315701,0.6126815434545275,0.7615773105863908,1.0,0.09999999999999998,0,0.0,1.0,0.08327880358492595,0,1.0,-0.0,0,1.0,0.3333333333333333,0.0,5
vW0IQoSweVI,201,5,1000,1005,,,,0,0,0,0.0,0.0,0.0,0.0,0.0,0.0,0.0,0.0,0.0,0.0,0,0.0,0.0,0.1072427383651875,0,-1.0,0.0,0,0.0,0.3333333333333333,0.0,0
vW0IQoSweVI,202,5,1005,1010,,,,0,0,0,0.0,0.0,0.0,0.0,0.0,0.0,0.0,0.0,0.0,0.0,0,0.0,0.0,0.136937155814707,0,0.0,0.0,0,0.0,0.3333333333333333,0.0,0
vW0IQoSweVI,203,5,1010,1015,Embarrassment,surprised,sad,1,1,1,0.7,-0.0,0.0,0.13392857142857142,0.3391547501087188,0.0217596981674432,0.49333527125418164,0.5099019513592785,1.0,0.7,0,0.0,1.0,0.17266669366159212,0,0.7,-0.0,0,0.36666666666666664,0.2333333333333333,0.0,5
vW0IQoSweVI,204,5,1015,1020,,,,0,0,0,0.0,0.0,0.0,0.0,0.0,0.0,0.0,0.0,0.0,0.0,0,0.0,0.0,0.2514853957456009,0,-0.7,0.0,0,0.0,0.2333333333333333,0.0,0
vW0IQoSweVI,205,5,1020,1025,,,,0,0,0,0.0,0.0,0.0,0.0,0.0,0.0,0.0,0.0,0.0,0.0,0,0.0,0.0,0.3479922524565396,0,0.0,0.0,0,0.0,0.2333333333333333,0.0,0
vW0IQoSweVI,206,5,1025,1030,,,,0,0,0,0.0,0.0,0.0,0.0,0.0,0.0,0.0,0.0,0.0,0.0,0,0.0,0.0,0.48143059604794913,0,0.0,0.0,0,0.0,0.0,0.0,0
vW0IQoSweVI,207,5,1030,1035,,,,0,0,0,0.0,0.0,0.0,0.0,0.0,0.0,0.0,0.0,0.0,0.0,0,0.0,0.0,0.7632250836842692,1,0.0,0.0,0,0.0,0.0,0.0,0
vW0IQoSweVI,208,5,1035,1040,,,,0,0,0,0.0,0.0,0.0,0.0,0.0,0.0,0.0,0.0,0.0,0.0,0,0.0,0.0,0.7768518518518519,1,0.0,0.0,0,0.0,0.0,0.0,0
vW0IQoSweVI,209,5,1040,1045,,,,0,0,0,0.0,0.0,0.0,0.0,0.0,0.0,0.0,0.0,0.0,0.0,0,0.0,0.0,0.7768518518518519,1,0.0,0.0,0,0.0,0.0,0.0,0
vW0IQoSweVI,210,5,1045,1050,,,,0,0,0,0.0,0.0,0.0,0.0,0.0,0.0,0.0,0.0,0.0,0.0,0,0.0,0.0,0.5387930569053003,0,0.0,0.0,0,0.0,0.0,0.0,0
vW0IQoSweVI,211,5,1050,1055,,,,0,0,0,0.0,0.0,0.0,0.0,0.0,0.0,0.0,0.0,0.0,0.0,0,0.0,0.0,0.3626552208184853,0,0.0,0.0,0,0.0,0.0,0.0,0
vW0IQoSweVI,212,5,1055,1060,,,,0,0,0,0.0,0.0,0.0,0.0,0.0,0.0,0.0,0.0,0.0,0.0,0,0.0,0.0,0.28136337868480654,0,0.0,0.0,0,0.0,0.0,0.0,0
vW0IQoSweVI,213,5,1060,1065,Joy,happy,neutral,1,1,1,0.4,-0.0,0.0,0.13392857142857142,0.6832442879676819,0.0442610308527946,0.21001580597367114,0.5458937625582472,0.0,0.7,0,0.0,0.75,0.21723652953244793,0,0.4,-0.0,0,0.4,0.13333333333333333,0.0,0
vW0IQoSweVI,214,5,1065,1070,,,,0,0,0,0.0,0.0,0.0,0.0,0.0,0.0,0.0,0.0,0.0,0.0,0,0.0,0.0,0.2207466796242306,0,-0.4,0.0,0,0.0,0.13333333333333333,0.0,0
vW0IQoSweVI,215,5,1070,1075,,,,0,0,0,0.0,0.0,0.0,0.0,0.0,0.0,0.0,0.0,0.0,0.0,0,0.0,0.0,0.2194107007882518,0,0.0,0.0,0,0.0,0.13333333333333333,0.0,0
vW0IQoSweVI,216,5,1075,1080,,,,0,0,0,0.0,0.0,0.0,0.0,0.0,0.0,0.0,0.0,0.0,0.0,0,0.0,0.0,0.21960614404492004,0,0.0,0.0,0,0.0,0.0,0.0,0
vW0IQoSweVI,217,5,1080,1085,,,,0,0,0,0.0,0.0,0.0,0.0,0.0,0.0,0.0,0.0,0.0,0.0,0,0.0,0.0,0.29582766439909397,0,0.0,0.0,0,0.0,0.0,0.0,0
vW0IQoSweVI,218,5,1085,1090,,,,0,0,0,0.0,0.0,0.0,0.0,0.0,0.0,0.0,0.0,0.0,0.0,0,0.0,0.0,0.31079324586977664,0,0.0,0.0,0,0.0,0.0,0.0,0
vW0IQoSweVI,219,5,1090,1095,,,,0,0,0,0.0,0.0,0.0,0.0,0.0,0.0,0.0,0.0,0.0,0.0,0,0.0,0.0,0.3051209372637945,0,0.0,0.0,0,0.0,0.0,0.0,0
vW0IQoSweVI,220,5,1095,1100,Anger,angry,neutral,1,1,1,0.4,-0.0,0.0,0.13392857142857142,0.2454065382480621,0.1021824851632118,0.5199564851820467,0.6016643582596529,0.0,1.0,0,0.0,1.0,0.2501959831551675,0,0.4,-0.0,0,0.4,0.13333333333333333,0.0,0
vW0IQoSweVI,221,5,1100,1105,,,,0,0,0,0.0,0.0,0.0,0.0,0.0,0.0,0.0,0.0,0.0,0.0,0,0.0,0.0,0.17081443688586545,0,-0.4,0.0,0,0.0,0.13333333333333333,0.0,0
vW0IQoSweVI,222,5,1105,1110,,,,0,0,0,0.0,0.0,0.0,0.0,0.0,0.0,0.0,0.0,0.0,0.0,0,0.0,0.0,0.18041045783392734,0,0.0,0.0,0,0.0,0.13333333333333333,0.0,0
vW0IQoSweVI,223,5,1110,1115,,,,0,0,0,0.0,0.0,0.0,0.0,0.0,0.0,0.0,0.0,0.0,0.0,0,0.0,0.0,0.19922389590756842,0,0.0,0.0,0,0.0,0.0,0.0,0
vW0IQoSweVI,224,5,1115,1120,,,,0,0,0,0.0,0.0,0.0,0.0,0.0,0.0,0.0,0.0,0.0,0.0,0,0.0,0.0,0.33925372529964115,0,0.0,0.0,0,0.0,0.0,0.0,0
vW0IQoSweVI,225,5,1120,1125,,,,0,0,0,0.0,0.0,0.0,0.0,0.0,0.0,0.0,0.0,0.0,0.0,0,0.0,0.0,0.3718125742360435,0,0.0,0.0,0,0.0,0.0,0.0,0
vW0IQoSweVI,226,5,1125,1130,,,,0,0,0,0.0,0.0,0.0,0.0,0.0,0.0,0.0,0.0,0.0,0.0,0,0.0,0.0,0.38733465608465617,0,0.0,0.0,0,0.0,0.0,0.0,0
vW0IQoSweVI,227,5,1130,1135,,,,0,0,0,0.0,0.0,0.0,0.0,0.0,0.0,0.0,0.0,0.0,0.0,0,0.0,0.0,0.3644632059172874,0,0.0,0.0,0,0.0,0.0,0.0,0
vW0IQoSweVI,228,5,1135,1140,Envy,disgusted,angry,1,1,1,0.5,-0.0,0.0,0.13392857142857142,0.6265633702278137,0.1710574924945831,0.8548442727420478,0.2,0.0,0.4,0,0.0,1.0,0.3114269517330747,0,0.5,-0.0,0,0.5,0.16666666666666666,0.0,0
vW0IQoSweVI,229,5,1140,1145,,,,0,0,0,0.0,0.0,0.0,0.0,0.0,0.0,0.0,0.0,0.0,0.0,0,0.0,0.0,0.27611489040060555,0,-0.5,0.0,0,0.0,0.16666666666666666,0.0,0
vW0IQoSweVI,230,5,1145,1150,,,,0,0,0,0.0,0.0,0.0,0.0,0.0,0.0,0.0,0.0,0.0,0.0,0,0.0,0.0,0.23312614728431136,0,0.0,0.0,0,0.0,0.16666666666666666,0.0,0
vW0IQoSweVI,231,5,1150,1155,,,,0,0,0,0.0,0.0,0.0,0.0,0.0,0.0,0.0,0.0,0.0,0.0,0,0.0,0.0,0.15784688478566106,0,0.0,0.0,0,0.0,0.0,0.0,0
vW0IQoSweVI,232,5,1155,1160,,,,0,0,0,0.0,0.0,0.0,0.0,0.0,0.0,0.0,0.0,0.0,0.0,0,0.0,0.0,0.13409661483641092,0,0.0,0.0,0,0.0,0.0,0.0,0
vW0IQoSweVI,233,5,1160,1165,,,,0,0,0,0.0,0.0,0.0,0.0,0.0,0.0,0.0,0.0,0.0,0.0,0,0.0,0.0,0.11317554799697697,0,0.0,0.0,0,0.0,0.0,0.0,0
vW0IQoSweVI,234,5,1165,1170,,,,0,0,0,0.0,0.0,0.0,0.0,0.0,0.0,0.0,0.0,0.0,0.0,0,0.0,0.0,0.10708832739444943,0,0.0,0.0,0,0.0,0.0,0.0,0
vW0IQoSweVI,235,5,1170,1175,,,,0,0,0,0.0,0.0,0.0,0.0,0.0,0.0,0.0,0.0,0.0,0.0,0,0.0,0.0,0.12891088975272583,0,0.0,0.0,0,0.0,0.0,0.0,0
vW0IQoSweVI,236,5,1175,1180,,,,0,0,0,0.0,0.0,0.0,0.0,0.0,0.0,0.0,0.0,0.0,0.0,0,0.0,0.0,0.1552309415829821,0,0.0,0.0,0,0.0,0.0,0.0,0
vW0IQoSweVI,237,5,1180,1185,,,,0,0,0,0.0,0.0,0.0,0.0,0.0,0.0,0.0,0.0,0.0,0.0,0,0.0,0.0,0.19382140157650457,0,0.0,0.0,0,0.0,0.0,0.0,0
vW0IQoSweVI,238,5,1185,1190,Fear,fearful,sad,1,1,1,0.7,-0.0,0.0,0.13392857142857142,0.2819500267505646,0.2097489833831787,0.5991926178336142,0.2683281572999748,0.0,0.6000000000000001,0,0.0,0.33333333333333337,0.2666901522513784,0,0.7,-0.0,0,0.7,0.2333333333333333,0.0,5
vW0IQoSweVI,239,5,1190,1195,Envy,disgusted,disgusted,1,1,1,0.0,-0.0,1.0,0.13392857142857142,0.3133847713470459,0.3133847713470459,0.6318701524287461,0.0,0.0,0.0,0,0.0,1.0,0.31263834899039045,0,-0.7,0.0,1,0.0,0.2333333333333333,0.0,0
vW0IQoSweVI,240,5,1195,1200,Envy,disgusted,sad,4,3,2,0.7749999999999999,0.28898309867585964,1.0,0.33035714285714285,0.4496890902519226,0.07704996410757298,0.5826969679910687,0.41324429763454,0.5,0.4,0,0.0,0.6845238095238095,0.358436723895909,0,0.7749999999999999,0.28898309867585964,1,0.5416666666666666,0.49166666666666664,0.16684446981175982,5
vW0IQoSweVI,241,5,1200,1205,Envy,disgusted,neutral,3,2,2,0.6999999999999998,0.3271035759815648,0.3333333333333333,0.26785714285714285,0.2910458544890086,0.06911690160632127,0.5869120530784128,0.45945101464086924,0.3333333333333333,0.43333333333333335,1,1.0,0.785024154589372,0.43098045567433463,0,-0.07500000000000007,0.03812047730570517,1,0.2083333333333332,0.49166666666666653,0.17886733982211686,10
vW0IQoSweVI,242,5,1205,1210,,,,0,0,0,0.0,0.0,0.0,0.0,0.0,0.0,0.0,0.0,0.0,0.0,0,0.0,0.0,0.45247475974516804,0,-0.6999999999999998,-0.3271035759815648,0,0.0,0.49166666666666653,0.17886733982211686,0
vW0IQoSweVI,243,5,1210,1215,,,,0,0,0,0.0,0.0,0.0,0.0,0.0,0.0,0.0,0.0,0.0,0.0,0,0.0,0.0,0.45989836410754786,0,0.0,0.0,0,0.0,0.23333333333333328,0.1888533376458457,0
vW0IQoSweVI,244,5,1215,1220,,,,0,0,0,0.0,0.0,0.0,0.0,0.0,0.0,0.0,0.0,0.0,0.0,0,0.0,0.0,0.44281867508908296,0,0.0,0.0,0,0.0,0.0,0.0,0
vW0IQoSweVI,245,5,1220,1225,,,,0,0,0,0.0,0.0,0.0,0.0,0.0,0.0,0.0,0.0,0.0,0.0,0,0.0,0.0,0.38805474570780685,0,0.0,0.0,0,0.0,0.0,0.0,0
vW0IQoSweVI,246,5,1225,1230,,,,0,0,0,0.0,0.0,0.0,0.0,0.0,0.0,0.0,0.0,0.0,0.0,0,0.0,0.0,0.3583603282582871,0,0.0,0.0,0,0.0,0.0,0.0,0
vW0IQoSweVI,247,5,1230,1235,,,,0,0,0,0.0,0.0,0.0,0.0,0.0,0.0,0.0,0.0,0.0,0.0,0,0.0,0.0,0.3283201058201059,0,0.0,0.0,0,0.0,0.0,0.0,0
vW0IQoSweVI,248,5,1235,1240,,,,0,0,0,0.0,0.0,0.0,0.0,0.0,0.0,0.0,0.0,0.0,0.0,0,0.0,0.0,0.2928964204729505,0,0.0,0.0,0,0.0,0.0,0.0,0
vW0IQoSweVI,249,5,1240,1245,,,,0,0,0,0.0,0.0,0.0,0.0,0.0,0.0,0.0,0.0,0.0,0.0,0,0.0,0.0,0.2605914588057444,0,0.0,0.0,0,0.0,0.0,0.0,0
vW0IQoSweVI,250,5,1245,1250,,,,0,0,0,0.0,0.0,0.0,0.0,0.0,0.0,0.0,0.0,0.0,0.0,0,0.0,0.0,0.22934483317136353,0,0.0,0.0,0,0.0,0.0,0.0,0
vW0IQoSweVI,251,5,1250,1255,,,,0,0,0,0.0,0.0,0.0,0.0,0.0,0.0,0.0,0.0,0.0,0.0,0,0.0,0.0,0.19232156354605284,0,0.0,0.0,0,0.0,0.0,0.0,0
vW0IQoSweVI,252,5,1255,1260,,,,0,0,0,0.0,0.0,0.0,0.0,0.0,0.0,0.0,0.0,0.0,0.0,0,0.0,0.0,0.16242171471763273,0,0.0,0.0,0,0.0,0.0,0.0,0
vW0IQoSweVI,253,5,1260,1265,,,,0,0,0,0.0,0.0,0.0,0.0,0.0,0.0,0.0,0.0,0.0,0.0,0,0.0,0.0,0.14238878090918866,0,0.0,0.0,0,0.0,0.0,0.0,0
vW0IQoSweVI,254,5,1265,1270,Joy,happy,sad,1,1,1,1.0,-0.0,0.0,0.13392857142857142,0.3287220895290375,0.021706148982048,0.6105488382279871,0.8246211251235321,1.0,0.39999999999999997,0,0.0,0.7894736842105263,0.12370626822157431,0,1.0,-0.0,0,1.0,0.3333333333333333,0.0,5
vW0IQoSweVI,255,5,1270,1275,Envy,disgusted,disgusted,1,1,1,0.0,-0.0,1.0,0.13392857142857142,0.3603532910346985,0.3603532910346985,0.5582556791603563,0.0,0.0,0.0,0,0.0,0.96,0.11512282690854121,0,-1.0,0.0,1,0.0,0.3333333333333333,0.0,0
vW0IQoSweVI,256,5,1275,1280,,,,0,0,0,0.0,0.0,0.0,0.0,0.0,0.0,0.0,0.0,0.0,0.0,0,0.0,0.0,0.11481481481481481,0,0.0,0.0,0,0.0,0.3333333333333333,0.0,0
vW0IQoSweVI,257,5,1280,1285,,,,0,0,0,0.0,0.0,0.0,0.0,0.0,0.0,0.0,0.0,0.0,0.0,0,0.0,0.0,0.11481481481481481,0,0.0,0.0,0,0.0,0.0,0.0,0
vW0IQoSweVI,258,5,1285,1290,Anger,angry,neutral,1,1,1,0.4,-0.0,0.0,0.13392857142857142,0.302127480506897,0.1927260458469391,0.4702862191945313,0.6016643582596529,0.0,1.0,0,0.0,0.5,0.04405814706835201,0,0.4,-0.0,0,0.4,0.13333333333333333,0.0,0
vW0IQoSweVI,259,5,1290,1295,,,,0,0,0,0.0,0.0,0.0,0.0,0.0,0.0,0.0,0.0,0.0,0.0,0,0.0,0.0,0.08659499514091366,0,-0.4,0.0,0,0.0,0.13333333333333333,0.0,0
vW0IQoSweVI,260,5,1295,1300,,,,0,0,0,0.0,0.0,0.0,0.0,0.0,0.0,0.0,0.0,0.0,0.0,0,0.0,0.0,0.19389982183349505,0,0.0,0.0,0,0.0,0.13333333333333333,0.0,0
vW0IQoSweVI,261,5,1300,1305,,,,0,0,0,0.0,0.0,0.0,0.0,0.0,0.0,0.0,0.0,0.0,0.0,0,0.0,0.0,0.3931098153547162,0,0.0,0.0,0,0.0,0.0,0.0,0
vW0IQoSweVI,262,5,1305,1310,,,,0,0,0,0.0,0.0,0.0,0.0,0.0,0.0,0.0,0.0,0.0,0.0,0,0.0,0.0,0.787340190044271,1,0.0,0.0,0,0.0,0.0,0.0,0
vW0IQoSweVI,263,5,1310,1315,,,,0,0,0,0.0,0.0,0.0,0.0,0.0,0.0,0.0,0.0,0.0,0.0,0,0.0,0.0,0.850300318540113,1,0.0,0.0,0,0.0,0.0,0.0,0
vW0IQoSweVI,264,5,1315,1320,,,,0,0,0,0.0,0.0,0.0,0.0,0.0,0.0,0.0,0.0,0.0,0.0,0,0.0,0.0,0.9074376417233558,1,0.0,0.0,0,0.0,0.0,0.0,0
vW0IQoSweVI,265,5,1320,1325,,,,0,0,0,0.0,0.0,0.0,0.0,0.0,0.0,0.0,0.0,0.0,0.0,0,0.0,0.0,0.7196323291221292,1,0.0,0.0,0,0.0,0.0,0.0,0
vW0IQoSweVI,266,5,1325,1330,Anxiety,surprised,sad,2,2,2,0.75,0.3562071871080222,0.0,0.26785714285714285,0.3282639980316162,0.06605274998582894,0.5536908384878186,0.6599201103059711,1.0,0.45,0,0.0,0.6666666666666667,0.5927518626498224,0,0.75,0.3562071871080222,0,0.75,0.25,0.20565631536409607,5
vW0IQoSweVI,267,5,1330,1335,,,,0,0,0,0.0,0.0,0.0,0.0,0.0,0.0,0.0,0.0,0.0,0.0,0,0.0,0.0,0.5117670877874968,0,-0.75,-0.3562071871080222,0,0.0,0.25,0.20565631536409607,0
vW0IQoSweVI,268,5,1335,1340,,,,0,0,0,0.0,0.0,0.0,0.0,0.0,0.0,0.0,0.0,0.0,0.0,0,0.0,0.0,0.41933106575963863,0,0.0,0.0,0,0.0,0.25,0.20565631536409607,0
vW0IQoSweVI,269,5,1340,1345,,,,0,0,0,0.0,0.0,0.0,0.0,0.0,0.0,0.0,0.0,0.0,0.0,0,0.0,0.0,0.33483560090702963,0,0.0,0.0,0,0.0,0.0,0.0,0
vW0IQoSweVI,270,5,1345,1350,,,,0,0,0,0.0,0.0,0.0,0.0,0.0,0.0,0.0,0.0,0.0,0.0,0,0.0,0.0,0.2877341809739776,0,0.0,0.0,0,0.0,0.0,0.0,0
vW0IQoSweVI,271,5,1350,1355,,,,0,0,0,0.0,0.0,0.0,0.0,0.0,0.0,0.0,0.0,0.0,0.0,0,0.0,0.0,0.24184996220710525,0,0.0,0.0,0,0.0,0.0,0.0,0
vW0IQoSweVI,272,5,1355,1360,,,,0,0,0,0.0,0.0,0.0,0.0,0.0,0.0,0.0,0.0,0.0,0.0,0,0.0,0.0,0.21816947413886173,0,0.0,0.0,0,0.0,0.0,0.0,0
vW0IQoSweVI,273,5,1360,1365,,,,0,0,0,0.0,0.0,0.0,0.0,0.0,0.0,0.0,0.0,0.0,0.0,0,0.0,0.0,0.23203622718928796,0,0.0,0.0,0,0.0,0.0,0.0,0
vW0IQoSweVI,274,5,1365,1370,,,,0,0,0,0.0,0.0,0.0,0.0,0.0,0.0,0.0,0.0,0.0,0.0,0,0.0,0.0,0.24958292840945867,0,0.0,0.0,0,0.0,0.0,0.0,0
vW0IQoSweVI,275,5,1370,1375,,,,0,0,0,0.0,0.0,0.0,0.0,0.0,0.0,0.0,0.0,0.0,0.0,0,0.0,0.0,0.33823358708562484,0,0.0,0.0,0,0.0,0.0,0.0,0
vW0IQoSweVI,276,5,1375,1380,,,,0,0,0,0.0,0.0,0.0,0.0,0.0,0.0,0.0,0.0,0.0,0.0,0,0.0,0.0,0.4161841323831119,0,0.0,0.0,0,0.0,0.0,0.0,0
vW0IQoSweVI,277,5,1380,1385,,,,0,0,0,0.0,0.0,0.0,0.0,0.0,0.0,0.0,0.0,0.0,0.0,0,0.0,0.0,0.41685900550696464,0,0.0,0.0,0,0.0,0.0,0.0,0
vW0IQoSweVI,278,5,1385,1390,Anxiety,surprised,happy,3,2,2,0.5333333333333333,0.3271035759815648,0.0,0.26785714285714285,0.45664094885190326,0.10783893428742884,0.4154221870626011,0.47320064411835344,0.0,0.6666666666666666,1,1.0,0.9206349206349206,0.3919467390130685,0,0.5333333333333333,0.3271035759815648,0,0.5333333333333333,0.17777777777777778,0.1888533376458457,0
vW0IQoSweVI,279,5,1390,1395,Anxiety,surprised,sad,1,1,1,0.7,-0.0,1.0,0.13392857142857142,0.7157878279685974,0.0013468135148286,0.3595650937408207,0.5099019513592785,1.0,0.7,0,0.0,0.5,0.2277011121909088,0,0.16666666666666663,-0.3271035759815648,1,0.5222222222222221,0.41111111111111115,0.18885333764584572,5
vW0IQoSweVI,280,5,1395,1400,,,,0,0,0,0.0,0.0,0.0,0.0,0.0,0.0,0.0,0.0,0.0,0.0,0,0.0,0.0,0.2369209588597347,0,-0.7,0.0,0,0.0,0.41111111111111115,0.18885333764584572,0
vW0IQoSweVI,281,5,1400,1405,,,,0,0,0,0.0,0.0,0.0,0.0,0.0,0.0,0.0,0.0,0.0,0.0,0,0.0,0.0,0.2577023269625317,0,0.0,0.0,0,0.0,0.2333333333333333,0.0,0
vW0IQoSweVI,282,5,1405,1410,,,,0,0,0,0.0,0.0,0.0,0.0,0.0,0.0,0.0,0.0,0.0,0.0,0,0.0,0.0,0.45080363891589414,0,0.0,0.0,0,0.0,0.0,0.0,0
vW0IQoSweVI,283,5,1410,1415,,,,0,0,0,0.0,0.0,0.0,0.0,0.0,0.0,0.0,0.0,0.0,0.0,0,0.0,0.0,0.5553787387971061,0,0.0,0.0,0,0.0,0.0,0.0,0
vW0IQoSweVI,284,5,1415,1420,,,,0,0,0,0.0,0.0,0.0,0.0,0.0,0.0,0.0,0.0,0.0,0.0,0,0.0,0.0,0.5624142911132707,0,0.0,0.0,0,0.0,0.0,0.0,0
vW0IQoSweVI,285,5,1420,1425,,,,0,0,0,0.0,0.0,0.0,0.0,0.0,0.0,0.0,0.0,0.0,0.0,0,0.0,0.0,0.5260935644098884,0,0.0,0.0,0,0.0,0.0,0.0,0
vW0IQoSweVI,286,5,1425,1430,,,,0,0,0,0.0,0.0,0.0,0.0,0.0,0.0,0.0,0.0,0.0,0.0,0,0.0,0.0,0.3550043191879916,0,0.0,0.0,0,0.0,0.0,0.0,0
vW0IQoSweVI,287,5,1430,1435,,,,0,0,0,0.0,0.0,0.0,0.0,0.0,0.0,0.0,0.0,0.0,0.0,0,0.0,0.0,0.29013200518302423,0,0.0,0.0,0,0.0,0.0,0.0,0
vW0IQoSweVI,288,5,1435,1440,,,,0,0,0,0.0,0.0,0.0,0.0,0.0,0.0,0.0,0.0,0.0,0.0,0,0.0,0.0,0.22648283122772866,0,0.0,0.0,0,0.0,0.0,0.0,0
vW0IQoSweVI,289,5,1440,1445,,,,0,0,0,0.0,0.0,0.0,0.0,0.0,0.0,0.0,0.0,0.0,0.0,0,0.0,0.0,0.14496598639455832,0,0.0,0.0,0,0.0,0.0,0.0,0
vW0IQoSweVI,290,5,1445,1450,,,,0,0,0,0.0,0.0,0.0,0.0,0.0,0.0,0.0,0.0,0.0,0.0,0,0.0,0.0,0.12714542166072784,0,0.0,0.0,0,0.0,0.0,0.0,0
vW0IQoSweVI,291,5,1450,1455,,,,0,0,0,0.0,0.0,0.0,0.0,0.0,0.0,0.0,0.0,0.0,0.0,0,0.0,0.0,0.1260892452218983,0,0.0,0.0,0,0.0,0.0,0.0,0
vW0IQoSweVI,292,5,1455,1460,,,,0,0,0,0.0,0.0,0.0,0.0,0.0,0.0,0.0,0.0,0.0,0.0,0,0.0,0.0,0.15465689450383496,0,0.0,0.0,0,0.0,0.0,0.0,0
vW0IQoSweVI,293,5,1460,1465,,,,0,0,0,0.0,0.0,0.0,0.0,0.0,0.0,0.0,0.0,0.0,0.0,0,0.0,0.0,0.2381418043407844,0,0.0,0.0,0,0.0,0.0,0.0,0
vW0IQoSweVI,294,5,1465,1470,,,,0,0,0,0.0,0.0,0.0,0.0,0.0,0.0,0.0,0.0,0.0,0.0,0,0.0,0.0,0.29159243062304263,0,0.0,0.0,0,0.0,0.0,0.0,0
vW0IQoSweVI,295,5,1470,1475,,,,0,0,0,0.0,0.0,0.0,0.0,0.0,0.0,0.0,0.0,0.0,0.0,0,0.0,0.0,0.34562574236043664,0,0.0,0.0,0,0.0,0.0,0.0,0
vW0IQoSweVI,296,5,1475,1480,,,,0,0,0,0.0,0.0,0.0,0.0,0.0,0.0,0.0,0.0,0.0,0.0,0,0.0,0.0,0.40405490767735686,0,0.0,0.0,0,0.0,0.0,0.0,0
vW0IQoSweVI,297,5,1480,1485,,,,0,0,0,0.0,0.0,0.0,0.0,0.0,0.0,0.0,0.0,0.0,0.0,0,0.0,0.0,0.4742812601230978,0,0.0,0.0,0,0.0,0.0,0.0,0
vW0IQoSweVI,298,5,1485,1490,,,,0,0,0,0.0,0.0,0.0,0.0,0.0,0.0,0.0,0.0,0.0,0.0,0,0.0,0.0,0.5462794244682002,0,0.0,0.0,0,0.0,0.0,0.0,0
vW0IQoSweVI,299,5,1490,1495,,,,0,0,0,0.0,0.0,0.0,0.0,0.0,0.0,0.0,0.0,0.0,0.0,0,0.0,0.0,0.6454220656516558,1,0.0,0.0,0,0.0,0.0,0.0,0
vW0IQoSweVI,300,5,1495,1500,,,,0,0,0,0.0,0.0,0.0,0.0,0.0,0.0,0.0,0.0,0.0,0.0,0,0.0,0.0,0.7366253644314862,1,0.0,0.0,0,0.0,0.0,0.0,0
vW0IQoSweVI,301,5,1500,1505,Anger,angry,fearful,2,2,1,0.6000000000000001,-0.0,0.0,0.19642857142857142,0.3379321098327636,0.14392411336302754,0.7695868439972399,0.23410734391484966,0.5,0.09999999999999998,0,0.0,0.9285714285714286,0.7944619911456648,1,0.6000000000000001,-0.0,0,0.6000000000000001,0.20000000000000004,0.0,5
vW0IQoSweVI,302,5,1505,1510,,,,0,0,0,0.0,0.0,0.0,0.0,0.0,0.0,0.0,0.0,0.0,0.0,0,0.0,0.0,0.8543090648958007,1,-0.6000000000000001,0.0,0,0.0,0.20000000000000004,0.0,0
vW0IQoSweVI,303,5,1510,1515,,,,0,0,0,0.0,0.0,0.0,0.0,0.0,0.0,0.0,0.0,0.0,0.0,0,0.0,0.0,0.90924711154303,1,0.0,0.0,0,0.0,0.20000000000000004,0.0,0
vW0IQoSweVI,304,5,1515,1520,,,,0,0,0,0.0,0.0,0.0,0.0,0.0,0.0,0.0,0.0,0.0,0.0,0,0.0,0.0,0.8929138321995469,1,0.0,0.0,0,0.0,0.0,0.0,0
vW0IQoSweVI,305,5,1520,1525,,,,0,0,0,0.0,0.0,0.0,0.0,0.0,0.0,0.0,0.0,0.0,0.0,0,0.0,0.0,0.8721365133354931,1,0.0,0.0,0,0.0,0.0,0.0,0
vW0IQoSweVI,306,5,1525,1530,,,,0,0,0,0.0,0.0,0.0,0.0,0.0,0.0,0.0,0.0,0.0,0.0,0,0.0,0.0,0.7564783770651128,1,0.0,0.0,0,0.0,0.0,0.0,0
vW0IQoSweVI,307,5,1530,1535,,,,0,0,0,0.0,0.0,0.0,0.0,0.0,0.0,0.0,0.0,0.0,0.0,0,0.0,0.0,0.6624264388295,1,0.0,0.0,0,0.0,0.0,0.0,0
vW0IQoSweVI,308,5,1535,1540,,,,0,0,0,0.0,0.0,0.0,0.0,0.0,0.0,0.0,0.0,0.0,0.0,0,0.0,0.0,0.6158601932836626,1,0.0,0.0,0,0.0,0.0,0.0,0
vW0IQoSweVI,309,5,1540,1545,,,,0,0,0,0.0,0.0,0.0,0.0,0.0,0.0,0.0,0.0,0.0,0.0,0,0.0,0.0,0.5737217903034233,0,0.0,0.0,0,0.0,0.0,0.0,0
vW0IQoSweVI,310,5,1545,1550,,,,0,0,0,0.0,0.0,0.0,0.0,0.0,0.0,0.0,0.0,0.0,0.0,0,0.0,0.0,0.5622983479105927,0,0.0,0.0,0,0.0,0.0,0.0,0
vW0IQoSweVI,311,5,1550,1555,,,,0,0,0,0.0,0.0,0.0,0.0,0.0,0.0,0.0,0.0,0.0,0.0,0,0.0,0.0,0.5675116078177302,0,0.0,0.0,0,0.0,0.0,0.0,0
vW0IQoSweVI,312,5,1555,1560,,,,0,0,0,0.0,0.0,0.0,0.0,0.0,0.0,0.0,0.0,0.0,0.0,0,0.0,0.0,0.573187830687831,0,0.0,0.0,0,0.0,0.0,0.0,0
vW0IQoSweVI,313,5,1560,1565,,,,0,0,0,0.0,0.0,0.0,0.0,0.0,0.0,0.0,0.0,0.0,0.0,0,0.0,0.0,0.6348496382680058,1,0.0,0.0,0,0.0,0.0,0.0,0
vW0IQoSweVI,314,5,1565,1570,,,,0,0,0,0.0,0.0,0.0,0.0,0.0,0.0,0.0,0.0,0.0,0.0,0,0.0,0.0,0.665615214339704,1,0.0,0.0,0,0.0,0.0,0.0,0
vW0IQoSweVI,315,5,1570,1575,,,,0,0,0,0.0,0.0,0.0,0.0,0.0,0.0,0.0,0.0,0.0,0.0,0,0.0,0.0,0.680836977648202,1,0.0,0.0,0,0.0,0.0,0.0,0
vW0IQoSweVI,316,5,1575,1580,,,,0,0,0,0.0,0.0,0.0,0.0,0.0,0.0,0.0,0.0,0.0,0.0,0,0.0,0.0,0.6903107115862218,1,0.0,0.0,0,0.0,0.0,0.0,0
vW0IQoSweVI,317,5,1580,1585,,,,0,0,0,0.0,0.0,0.0,0.0,0.0,0.0,0.0,0.0,0.0,0.0,0,0.0,0.0,0.6807445200302344,1,0.0,0.0,0,0.0,0.0,0.0,0
vW0IQoSweVI,318,5,1585,1590,,,,0,0,0,0.0,0.0,0.0,0.0,0.0,0.0,0.0,0.0,0.0,0.0,0,0.0,0.0,0.6698149497894396,1,0.0,0.0,0,0.0,0.0,0.0,0
vW0IQoSweVI,319,5,1590,1595,,,,0,0,0,0.0,0.0,0.0,0.0,0.0,0.0,0.0,0.0,0.0,0.0,0,0.0,0.0,0.6568405139833716,1,0.0,0.0,0,0.0,0.0,0.0,0
vW0IQoSweVI,320,5,1595,1600,,,,0,0,0,0.0,0.0,0.0,0.0,0.0,0.0,0.0,0.0,0.0,0.0,0,0.0,0.0,0.616803530936185,1,0.0,0.0,0,0.0,0.0,0.0,0
vW0IQoSweVI,321,5,1600,1605,,,,0,0,0,0.0,0.0,0.0,0.0,0.0,0.0,0.0,0.0,0.0,0.0,0,0.0,0.0,0.6000141723356012,1,0.0,0.0,0,0.0,0.0,0.0,0
vW0IQoSweVI,322,5,1605,1610,Joy,happy,neutral,1,1,1,0.4,-0.0,0.0,0.13392857142857142,0.4613514840602875,0.028253411874175,0.35700159538537246,0.5458937625582472,0.0,0.7,0,0.0,0.7272727272727273,0.5883226703379766,0,0.4,-0.0,0,0.4,0.13333333333333333,0.0,0
vW0IQoSweVI,323,5,1610,1615,,,,0,0,0,0.0,0.0,0.0,0.0,0.0,0.0,0.0,0.0,0.0,0.0,0,0.0,0.0,0.6072884947629851,1,-0.4,0.0,0,0.0,0.13333333333333333,0.0,0
vW0IQoSweVI,324,5,1615,1620,,,,0,0,0,0.0,0.0,0.0,0.0,0.0,0.0,0.0,0.0,0.0,0.0,0,0.0,0.0,0.6146164021164013,1,0.0,0.0,0,0.0,0.13333333333333333,0.0,0
vW0IQoSweVI,325,5,1620,1625,,,,0,0,0,0.0,0.0,0.0,0.0,0.0,0.0,0.0,0.0,0.0,0.0,0,0.0,0.0,0.5806756829716009,0,0.0,0.0,0,0.0,0.0,0.0,0
vW0IQoSweVI,326,5,1625,1630,,,,0,0,0,0.0,0.0,0.0,0.0,0.0,0.0,0.0,0.0,0.0,0.0,0,0.0,0.0,0.520485773674545,0,0.0,0.0,0,0.0,0.0,0.0,0
vW0IQoSweVI,327,5,1630,1635,,,,0,0,0,0.0,0.0,0.0,0.0,0.0,0.0,0.0,0.0,0.0,0.0,0,0.0,0.0,0.31680083144368815,0,0.0,0.0,0,0.0,0.0,0.0,0
vW0IQoSweVI,328,5,1635,1640,,,,0,0,0,0.0,0.0,0.0,0.0,0.0,0.0,0.0,0.0,0.0,0.0,0,0.0,0.0,0.35257329122125214,0,0.0,0.0,0,0.0,0.0,0.0,0
vW0IQoSweVI,329,5,1640,1645,,,,0,0,0,0.0,0.0,0.0,0.0,0.0,0.0,0.0,0.0,0.0,0.0,0,0.0,0.0,0.40506559766763955,0,0.0,0.0,0,0.0,0.0,0.0,0
vW0IQoSweVI,330,5,1645,1650,,,,0,0,0,0.0,0.0,0.0,0.0,0.0,0.0,0.0,0.0,0.0,0.0,0,0.0,0.0,0.7232469495734823,1,0.0,0.0,0,0.0,0.0,0.0,0
vW0IQoSweVI,331,5,1650,1655,,,,0,0,0,0.0,0.0,0.0,0.0,0.0,0.0,0.0,0.0,0.0,0.0,0,0.0,0.0,0.925661375661376,1,0.0,0.0,0,0.0,0.0,0.0,0
vW0IQoSweVI,332,5,1655,1660,,,,0,0,0,0.0,0.0,0.0,0.0,0.0,0.0,0.0,0.0,0.0,0.0,0,0.0,0.0,0.9634542705971283,1,0.0,0.0,0,0.0,0.0,0.0,0
vW0IQoSweVI,333,5,1660,1665,,,,0,0,0,0.0,0.0,0.0,0.0,0.0,0.0,0.0,0.0,0.0,0.0,0,0.0,0.0,0.9378458049886611,1,0.0,0.0,0,0.0,0.0,0.0,0
vW0IQoSweVI,334,5,1665,1670,,,,0,0,0,0.0,0.0,0.0,0.0,0.0,0.0,0.0,0.0,0.0,0.0,0,0.0,0.0,0.6950880034553475,1,0.0,0.0,0,0.0,0.0,0.0,0
vW0IQoSweVI,335,5,1670,1675,,,,0,0,0,0.0,0.0,0.0,0.0,0.0,0.0,0.0,0.0,0.0,0.0,0,0.0,0.0,0.6239836410754774,1,0.0,0.0,0,0.0,0.0,0.0,0
vW0IQoSweVI,336,5,1675,1680,,,,0,0,0,0.0,0.0,0.0,0.0,0.0,0.0,0.0,0.0,0.0,0.0,0,0.0,0.0,0.5571541950113373,0,0.0,0.0,0,0.0,0.0,0.0,0
vW0IQoSweVI,337,5,1680,1685,,,,0,0,0,0.0,0.0,0.0,0.0,0.0,0.0,0.0,0.0,0.0,0.0,0,0.0,0.0,0.5545464852607711,0,0.0,0.0,0,0.0,0.0,0.0,0
vW0IQoSweVI,338,5,1685,1690,,,,0,0,0,0.0,0.0,0.0,0.0,0.0,0.0,0.0,0.0,0.0,0.0,0,0.0,0.0,0.5137471655328786,0,0.0,0.0,0,0.0,0.0,0.0,0
vW0IQoSweVI,339,5,1690,1695,,,,0,0,0,0.0,0.0,0.0,0.0,0.0,0.0,0.0,0.0,0.0,0.0,0,0.0,0.0,0.4533763902386342,0,0.0,0.0,0,0.0,0.0,0.0,0
vW0IQoSweVI,340,5,1695,1700,,,,0,0,0,0.0,0.0,0.0,0.0,0.0,0.0,0.0,0.0,0.0,0.0,0,0.0,0.0,0.3763462369074611,0,0.0,0.0,0,0.0,0.0,0.0,0
vW0IQoSweVI,341,5,1700,1705,,,,0,0,0,0.0,0.0,0.0,0.0,0.0,0.0,0.0,0.0,0.0,0.0,0,0.0,0.0,0.26122394989741876,0,0.0,0.0,0,0.0,0.0,0.0,0
vW0IQoSweVI,342,5,1705,1710,,,,0,0,0,0.0,0.0,0.0,0.0,0.0,0.0,0.0,0.0,0.0,0.0,0,0.0,0.0,0.20212450059388787,0,0.0,0.0,0,0.0,0.0,0.0,0
vW0IQoSweVI,343,5,1710,1715,Envy,disgusted,angry,2,2,1,0.75,-0.0,0.0,0.19642857142857142,0.3769161701202392,0.09207223076373335,0.6810387595556674,0.5301162633521312,0.5,0.35000000000000003,0,0.0,0.9590301003344481,0.1929138321995461,0,0.75,-0.0,0,0.75,0.25,0.0,5
