candidate,candidate_type,imputation,model,training_mode,alpha,NDCG_at_K,Precision_at_K,Recall_at_K,AveragePrecision,TopWeightedRMSE,RMSE,MAE,R2,K,DiversePrecision_at_K,DiverseRecall_at_K,TolerantPrecision_at_K,TolerantRecall_at_K,TolerantDiversePrecision_at_K,TolerantDiverseRecall_at_K,ToleranceSec,MinGapSec
hybrid__alpha_0.7__regression__missing_rows_interpolate__extra_trees__highlight_weighted__PLUS__classifier__missing_rows_interpolate__gradient_boosting_clf__standard,hybrid,hybrid,rank_regression_plus_topk_classifier,hybrid_score,0.7,0.9499596208404484,0.7857142857142857,0.7857142857142857,0.8178909533994543,0.1594521423219706,0.16690550797790996,0.13244591113658744,0.2731760492014411,28,0.39285714285714285,0.39285714285714285,0.9642857142857143,0.8214285714285714,0.6785714285714286,0.6785714285714286,10,10
hybrid__alpha_0.7__regression__missing_rows_interpolate__xgboost_gpu__highlight_weighted__PLUS__classifier__missing_rows_interpolate__gradient_boosting_clf__standard,hybrid,hybrid,rank_regression_plus_topk_classifier,hybrid_score,0.7,0.9487041603966375,0.75,0.75,0.8505500612554824,0.15068948723504108,0.15886720996584644,0.1258788505929196,0.3414990144513935,28,0.42857142857142855,0.42857142857142855,0.9642857142857143,0.7857142857142857,0.6785714285714286,0.6785714285714286,10,10
hybrid__alpha_0.5__regression__missing_rows_interpolate__random_forest__highlight_weighted__PLUS__classifier__missing_rows_interpolate__gradient_boosting_clf__standard,hybrid,hybrid,rank_regression_plus_topk_classifier,hybrid_score,0.5,0.9414706408836147,0.75,0.75,0.8211388661766024,0.12850440921248416,0.11114164502203473,0.08200064828765055,0.6777139309445448,28,0.39285714285714285,0.39285714285714285,0.9642857142857143,0.8571428571428571,0.6428571428571429,0.6428571428571429,10,10
hybrid__alpha_0.5__regression__missing_rows_interpolate__xgboost_gpu__highlight_weighted__PLUS__classifier__missing_rows_interpolate__gradient_boosting_clf__standard,hybrid,hybrid,rank_regression_plus_topk_classifier,hybrid_score,0.5,0.9414522134617934,0.75,0.75,0.8373069851008964,0.1244630923365561,0.10756814015261032,0.0820136058228187,0.6981054924918436,28,0.42857142857142855,0.42857142857142855,0.9642857142857143,0.8571428571428571,0.6785714285714286,0.6785714285714286,10,10
regression__missing_rows_interpolate__xgboost_gpu__highlight_weighted,regression,missing_rows_interpolate,xgboost_gpu,highlight_weighted,,0.9409568062947588,0.7857142857142857,0.7857142857142857,0.8145517556391088,0.25533566551147285,0.28146152419656734,0.24005591474682683,-1.06693092251095,28,0.4642857142857143,0.4642857142857143,0.9642857142857143,0.7857142857142857,0.75,0.6785714285714286,10,10
hybrid__alpha_0.7__regression__missing_rows_interpolate__extra_trees__standard__PLUS__classifier__missing_rows_interpolate__gradient_boosting_clf__standard,hybrid,hybrid,rank_regression_plus_topk_classifier,hybrid_score,0.7,0.9378731350180091,0.75,0.75,0.8086231873820022,0.1518605795832033,0.15424798164774195,0.12296285414228868,0.37923550078771195,28,0.39285714285714285,0.39285714285714285,0.9285714285714286,0.8214285714285714,0.6428571428571429,0.6428571428571429,10,10
hybrid__alpha_0.3__regression__missing_rows_interpolate__random_forest__highlight_weighted__PLUS__classifier__missing_rows_interpolate__gradient_boosting_clf__standard,hybrid,hybrid,rank_regression_plus_topk_classifier,hybrid_score,0.3,0.9376627986672221,0.75,0.75,0.8101155826046416,0.1614097545650516,0.12841405640302817,0.09524015476568698,0.5697577837138138,28,0.39285714285714285,0.39285714285714285,0.9642857142857143,0.8928571428571429,0.6428571428571429,0.6428571428571429,10,10
hybrid__alpha_0.7__regression__missing_rows_interpolate__xgboost_gpu__highlight_weighted__PLUS__classifier__missing_rows_interpolate__random_forest_clf__standard,hybrid,hybrid,rank_regression_plus_topk_classifier,hybrid_score,0.7,0.9374271833535681,0.7142857142857143,0.7142857142857143,0.8133082045869264,0.17650223720681796,0.18133114682708504,0.14010279305018336,0.14210782062889604,28,0.4642857142857143,0.4642857142857143,0.9642857142857143,0.75,0.7142857142857143,0.6785714285714286,10,10
hybrid__alpha_0.7__regression__missing_rows_interpolate__extra_trees__highlight_weighted__PLUS__classifier__missing_rows_interpolate__gradient_boosting_clf__highlight_weighted,hybrid,hybrid,rank_regression_plus_topk_classifier,hybrid_score,0.7,0.9366782689322054,0.6428571428571429,0.6428571428571429,0.790673267279792,0.1788195824952978,0.18463043529106768,0.1454587107842998,0.11060541804521717,28,0.39285714285714285,0.39285714285714285,0.9642857142857143,0.8571428571428571,0.6785714285714286,0.6785714285714286,10,10
hybrid__alpha_0.5__regression__missing_rows_interpolate__xgboost_gpu__highlight_weighted__PLUS__classifier__missing_rows_interpolate__gradient_boosting_clf__highlight_weighted,hybrid,hybrid,rank_regression_plus_topk_classifier,hybrid_score,0.5,0.9366126051590686,0.6785714285714286,0.6785714285714286,0.8163916373552483,0.14243514643380187,0.13174391936861266,0.09541844923857894,0.5471555480748602,28,0.39285714285714285,0.39285714285714285,0.9642857142857143,0.8214285714285714,0.6785714285714286,0.6785714285714286,10,10
hybrid__alpha_0.7__regression__missing_rows_interpolate__extra_trees__standard__PLUS__classifier__missing_rows_interpolate__gradient_boosting_clf__highlight_weighted,hybrid,hybrid,rank_regression_plus_topk_classifier,hybrid_score,0.7,0.9365360112929364,0.7142857142857143,0.7142857142857143,0.7674674590017285,0.16750097884311904,0.1707584039298608,0.13489343161493741,0.2392322991487873,28,0.39285714285714285,0.39285714285714285,0.9642857142857143,0.7857142857142857,0.6785714285714286,0.6785714285714286,10,10
hybrid__alpha_0.5__regression__missing_rows_interpolate__extra_trees__standard__PLUS__classifier__missing_rows_interpolate__gradient_boosting_clf__standard,hybrid,hybrid,rank_regression_plus_topk_classifier,hybrid_score,0.5,0.936371477102339,0.75,0.75,0.7933302181086702,0.13532027049661607,0.11111841062762094,0.08033806587262576,0.6778486660195429,28,0.39285714285714285,0.39285714285714285,0.9285714285714286,0.8214285714285714,0.6428571428571429,0.6428571428571429,10,10
hybrid__alpha_0.5__regression__missing_rows_interpolate__random_forest__standard__PLUS__classifier__missing_rows_interpolate__gradient_boosting_clf__highlight_weighted,hybrid,hybrid,rank_regression_plus_topk_classifier,hybrid_score,0.5,0.9363641711352871,0.6428571428571429,0.6428571428571429,0.8102777796115654,0.14441650857002264,0.1308840335176907,0.09329442730971532,0.5530476417606327,28,0.39285714285714285,0.39285714285714285,0.9642857142857143,0.8571428571428571,0.6785714285714286,0.6785714285714286,10,10
hybrid__alpha_0.3__regression__missing_rows_interpolate__random_forest__highlight_weighted__PLUS__classifier__missing_rows_interpolate__gradient_boosting_clf__highlight_weighted,hybrid,hybrid,rank_regression_plus_topk_classifier,hybrid_score,0.3,0.9362340171333637,0.6428571428571429,0.6428571428571429,0.7903357003807818,0.15591734022314196,0.13714650616799387,0.09933702275145023,0.509253298776648,28,0.39285714285714285,0.39285714285714285,0.9642857142857143,0.8571428571428571,0.6785714285714286,0.6785714285714286,10,10
hybrid__alpha_0.5__regression__missing_rows_interpolate__extra_trees__highlight_weighted__PLUS__classifier__missing_rows_interpolate__gradient_boosting_clf__highlight_weighted,hybrid,hybrid,rank_regression_plus_topk_classifier,hybrid_score,0.5,0.9360225114754172,0.6428571428571429,0.6428571428571429,0.78541361766746,0.14938398039613981,0.1387626934884898,0.09837234651769805,0.4976188511493216,28,0.39285714285714285,0.39285714285714285,0.9642857142857143,0.8571428571428571,0.6785714285714286,0.6785714285714286,10,10
hybrid__alpha_0.3__regression__missing_rows_interpolate__xgboost_gpu__highlight_weighted__PLUS__classifier__missing_rows_interpolate__gradient_boosting_clf__highlight_weighted,hybrid,hybrid,rank_regression_plus_topk_classifier,hybrid_score,0.3,0.9360040172545459,0.6428571428571429,0.6428571428571429,0.7971451012560684,0.15355475074408634,0.13420633574985968,0.09737049697412864,0.530069178525722,28,0.39285714285714285,0.39285714285714285,0.9642857142857143,0.8571428571428571,0.6785714285714286,0.6785714285714286,10,10
hybrid__alpha_0.3__regression__missing_rows_interpolate__random_forest__standard__PLUS__classifier__missing_rows_interpolate__gradient_boosting_clf__highlight_weighted,hybrid,hybrid,rank_regression_plus_topk_classifier,hybrid_score,0.3,0.9358427430609653,0.6428571428571429,0.6428571428571429,0.7916741206040316,0.1573645960250147,0.1368704987236427,0.09893781055427062,0.5112265673673801,28,0.39285714285714285,0.39285714285714285,0.9642857142857143,0.8571428571428571,0.6785714285714286,0.6785714285714286,10,10
hybrid__alpha_0.7__regression__missing_rows_interpolate__random_forest__highlight_weighted__PLUS__classifier__missing_rows_interpolate__gradient_boosting_clf__highlight_weighted,hybrid,hybrid,rank_regression_plus_topk_classifier,hybrid_score,0.7,0.9355051086807007,0.6785714285714286,0.6785714285714286,0.8123407755267037,0.17253191204086338,0.17822778008765858,0.13777601974077222,0.17122109606136526,28,0.39285714285714285,0.39285714285714285,0.9642857142857143,0.8214285714285714,0.6785714285714286,0.6785714285714286,10,10
hybrid__alpha_0.5__regression__missing_rows_interpolate__random_forest__standard__PLUS__classifier__missing_rows_interpolate__gradient_boosting_clf__standard,hybrid,hybrid,rank_regression_plus_topk_classifier,hybrid_score,0.5,0.9350526498172728,0.75,0.75,0.8298516963246332,0.1314279357470437,0.10912760270254873,0.08022333094968816,0.6892886471785173,28,0.39285714285714285,0.39285714285714285,0.9285714285714286,0.8571428571428571,0.6428571428571429,0.6428571428571429,10,10
hybrid__alpha_0.3__regression__missing_rows_interpolate__extra_trees__standard__PLUS__classifier__missing_rows_interpolate__gradient_boosting_clf__highlight_weighted,hybrid,hybrid,rank_regression_plus_topk_classifier,hybrid_score,0.3,0.9349221174813899,0.6428571428571429,0.6428571428571429,0.777308150827789,0.15928612170563508,0.1376644257056383,0.0981309355124042,0.5055397922509876,28,0.39285714285714285,0.39285714285714285,0.9642857142857143,0.8571428571428571,0.6785714285714286,0.6785714285714286,10,10
hybrid__alpha_0.3__regression__missing_rows_interpolate__extra_trees__highlight_weighted__PLUS__classifier__missing_rows_interpolate__gradient_boosting_clf__highlight_weighted,hybrid,hybrid,rank_regression_plus_topk_classifier,hybrid_score,0.3,0.9348973559395791,0.6428571428571429,0.6428571428571429,0.7773618885798856,0.15747277240051208,0.1380533792297728,0.09862576800450905,0.5027417748222769,28,0.39285714285714285,0.39285714285714285,0.9642857142857143,0.8571428571428571,0.6785714285714286,0.6785714285714286,10,10
hybrid__alpha_0.5__regression__missing_rows_interpolate__xgboost_gpu__highlight_weighted__PLUS__classifier__missing_rows_interpolate__random_forest_clf__standard,hybrid,hybrid,rank_regression_plus_topk_classifier,hybrid_score,0.5,0.934792452203237,0.7142857142857143,0.7142857142857143,0.8135346227890394,0.14979765722735439,0.14031047771288668,0.10201095542794782,0.4863490463051158,28,0.4642857142857143,0.4642857142857143,0.9642857142857143,0.75,0.7142857142857143,0.6785714285714286,10,10
hybrid__alpha_0.5__regression__missing_rows_interpolate__random_forest__highlight_weighted__PLUS__classifier__missing_rows_interpolate__gradient_boosting_clf__highlight_weighted,hybrid,hybrid,rank_regression_plus_topk_classifier,hybrid_score,0.5,0.9347356001125852,0.6428571428571429,0.6428571428571429,0.8075526616444151,0.1453284750474935,0.1349717550761528,0.09581746018099721,0.5246935775456362,28,0.39285714285714285,0.39285714285714285,0.9642857142857143,0.8571428571428571,0.6428571428571429,0.6428571428571429,10,10
hybrid__alpha_0.7__regression__missing_rows_interpolate__random_forest__highlight_weighted__PLUS__classifier__missing_rows_interpolate__gradient_boosting_clf__standard,hybrid,hybrid,rank_regression_plus_topk_classifier,hybrid_score,0.7,0.9346710163943017,0.75,0.75,0.8319168041652107,0.15327076707494067,0.160378006568557,0.12473589059835032,0.32891502659555594,28,0.39285714285714285,0.39285714285714285,0.9642857142857143,0.8214285714285714,0.6428571428571429,0.6428571428571429,10,10
hybrid__alpha_0.7__regression__missing_rows_interpolate__xgboost_gpu__highlight_weighted__PLUS__classifier__missing_rows_interpolate__gradient_boosting_clf__highlight_weighted,hybrid,hybrid,rank_regression_plus_topk_classifier,hybrid_score,0.7,0.9346688294557843,0.6785714285714286,0.6785714285714286,0.8173360864457822,0.17071035402360812,0.17668098294454126,0.13834188734060388,0.18554422746202026,28,0.42857142857142855,0.42857142857142855,0.9642857142857143,0.8214285714285714,0.6785714285714286,0.6785714285714286,10,10
hybrid__alpha_0.3__regression__missing_rows_interpolate__xgboost_gpu__highlight_weighted__PLUS__classifier__missing_rows_interpolate__gradient_boosting_clf__standard,hybrid,hybrid,rank_regression_plus_topk_classifier,hybrid_score,0.3,0.9342091001383588,0.75,0.75,0.8197332202530566,0.15862718111218882,0.1255348698782546,0.09396181540075253,0.5888345199180705,28,0.42857142857142855,0.42857142857142855,0.9285714285714286,0.8571428571428571,0.6785714285714286,0.6785714285714286,10,10
hybrid__alpha_0.7__regression__missing_rows_interpolate__extra_trees__highlight_weighted__PLUS__classifier__missing_rows_interpolate__random_forest_clf__standard,hybrid,hybrid,rank_regression_plus_topk_classifier,hybrid_score,0.7,0.9335947538298207,0.7142857142857143,0.7142857142857143,0.7960274987736392,0.18349191912307253,0.18919082281854463,0.14626020922057548,0.06612655921298483,28,0.42857142857142855,0.42857142857142855,0.9642857142857143,0.75,0.7142857142857143,0.6785714285714286,10,10
hybrid__alpha_0.7__regression__missing_rows_interpolate__random_forest__standard__PLUS__classifier__missing_rows_interpolate__gradient_boosting_clf__standard,hybrid,hybrid,rank_regression_plus_topk_classifier,hybrid_score,0.7,0.9333317514000441,0.75,0.75,0.8440676456432623,0.15018130023916287,0.15295393773817578,0.11976854095676683,0.3896074607151111,28,0.39285714285714285,0.39285714285714285,0.9285714285714286,0.7857142857142857,0.6785714285714286,0.6785714285714286,10,10
hybrid__alpha_0.3__regression__missing_rows_interpolate__xgboost_gpu__highlight_weighted__PLUS__classifier__missing_rows_interpolate__random_forest_clf__standard,hybrid,hybrid,rank_regression_plus_topk_classifier,hybrid_score,0.3,0.9332361550515095,0.7142857142857143,0.7142857142857143,0.8001196204638696,0.1578324483845334,0.14370931657117403,0.10961925043401712,0.4611625895143937,28,0.4642857142857143,0.4642857142857143,0.9642857142857143,0.75,0.7142857142857143,0.6785714285714286,10,10
hybrid__alpha_0.5__regression__missing_rows_interpolate__extra_trees__standard__PLUS__classifier__missing_rows_interpolate__gradient_boosting_clf__highlight_weighted,hybrid,hybrid,rank_regression_plus_topk_classifier,hybrid_score,0.5,0.9328619366736093,0.6428571428571429,0.6428571428571429,0.7706677871094024,0.1462678496897353,0.13192806915609992,0.09345135251404889,0.5458887041626175,28,0.39285714285714285,0.39285714285714285,0.9642857142857143,0.8571428571428571,0.6785714285714286,0.6785714285714286,10,10
classifier__missing_rows_interpolate__gradient_boosting_clf__standard,classifier,missing_rows_interpolate,gradient_boosting_clf,standard,,0.9328468751616136,0.75,0.75,0.7710156639983716,0.2670851074906379,0.23562920550220373,0.2015165645006427,-0.4485921588442576,28,0.39285714285714285,0.39285714285714285,0.9642857142857143,0.8571428571428571,0.6428571428571429,0.6428571428571429,10,10
classifier__missing_rows_interpolate__gradient_boosting_clf__highlight_weighted,classifier,missing_rows_interpolate,gradient_boosting_clf,highlight_weighted,,0.9327881349378212,0.6428571428571429,0.6428571428571429,0.7596076193010709,0.22647051319149453,0.21496166322379853,0.18067331689332297,-0.20561854485169562,28,0.39285714285714285,0.39285714285714285,0.9642857142857143,0.8571428571428571,0.6428571428571429,0.6428571428571429,10,10
hybrid__alpha_0.5__regression__missing_rows_interpolate__random_forest__highlight_weighted__PLUS__classifier__missing_rows_interpolate__random_forest_clf__highlight_weighted,hybrid,hybrid,rank_regression_plus_topk_classifier,hybrid_score,0.5,0.9327439591080351,0.7142857142857143,0.7142857142857143,0.7935818077672852,0.15878578812996041,0.15338987960336106,0.10503940990043921,0.3861230800909734,28,0.5,0.5,0.9642857142857143,0.75,0.75,0.6785714285714286,10,10
hybrid__alpha_0.5__regression__missing_rows_interpolate__xgboost_gpu__highlight_weighted__PLUS__classifier__missing_rows_interpolate__random_forest_clf__highlight_weighted,hybrid,hybrid,rank_regression_plus_topk_classifier,hybrid_score,0.5,0.9327071228555375,0.7142857142857143,0.7142857142857143,0.804233310061945,0.1584381133432129,0.15104728721650817,0.1055181555747363,0.4047303343219437,28,0.5,0.5,0.9642857142857143,0.75,0.75,0.6785714285714286,10,10
hybrid__alpha_0.5__regression__missing_rows_interpolate__extra_trees__highlight_weighted__PLUS__classifier__missing_rows_interpolate__random_forest_clf__standard,hybrid,hybrid,rank_regression_plus_topk_classifier,hybrid_score,0.5,0.9319147928905257,0.7142857142857143,0.7142857142857143,0.7829673999601353,0.15520426164098766,0.14708235829464678,0.10457633686684639,0.4355713350949246,28,0.42857142857142855,0.42857142857142855,0.9642857142857143,0.75,0.6785714285714286,0.6428571428571429,10,10
hybrid__alpha_0.3__regression__missing_rows_interpolate__random_forest__standard__PLUS__classifier__missing_rows_interpolate__random_forest_clf__highlight_weighted,hybrid,hybrid,rank_regression_plus_topk_classifier,hybrid_score,0.3,0.9310466254665314,0.7142857142857143,0.7142857142857143,0.7935387330559216,0.16427060085256137,0.15811219568721524,0.117807497333663,0.3477431756178083,28,0.5,0.5,0.9642857142857143,0.75,0.75,0.6785714285714286,10,10
hybrid__alpha_0.3__regression__missing_rows_interpolate__random_forest__standard__PLUS__classifier__missing_rows_interpolate__gradient_boosting_clf__standard,hybrid,hybrid,rank_regression_plus_topk_classifier,hybrid_score,0.3,0.9309188827080431,0.75,0.75,0.8127268246261982,0.16542913799328282,0.1302104217957572,0.09627286824200293,0.5576364000004859,28,0.39285714285714285,0.39285714285714285,0.9285714285714286,0.8571428571428571,0.6428571428571429,0.6428571428571429,10,10
hybrid__alpha_0.3__regression__missing_rows_interpolate__xgboost_gpu__highlight_weighted__PLUS__classifier__missing_rows_interpolate__random_forest_clf__highlight_weighted,hybrid,hybrid,rank_regression_plus_topk_classifier,hybrid_score,0.3,0.9309101769221256,0.7142857142857143,0.7142857142857143,0.7959749620248389,0.165555171297683,0.15791632627948796,0.11782120379096059,0.3493582063183983,28,0.5,0.5,0.9642857142857143,0.75,0.75,0.6785714285714286,10,10
hybrid__alpha_0.5__regression__missing_rows_interpolate__extra_trees__highlight_weighted__PLUS__classifier__missing_rows_interpolate__random_forest_clf__highlight_weighted,hybrid,hybrid,rank_regression_plus_topk_classifier,hybrid_score,0.5,0.9308147184091455,0.7142857142857143,0.7142857142857143,0.7876124986626205,0.16073772665548153,0.15598542449427227,0.10569119122348608,0.36517220922595695,28,0.5,0.5,0.9642857142857143,0.75,0.7142857142857143,0.6785714285714286,10,10
hybrid__alpha_0.5__regression__missing_rows_interpolate__extra_trees__highlight_weighted__PLUS__classifier__missing_rows_interpolate__gradient_boosting_clf__standard,hybrid,hybrid,rank_regression_plus_topk_classifier,hybrid_score,0.5,0.9306821151355548,0.75,0.75,0.8103086682238984,0.13183273938610063,0.11475042869857499,0.08332185502953594,0.6564448005268415,28,0.39285714285714285,0.39285714285714285,0.9285714285714286,0.8571428571428571,0.6785714285714286,0.6785714285714286,10,10
hybrid__alpha_0.3__regression__missing_rows_interpolate__random_forest__highlight_weighted__PLUS__classifier__missing_rows_interpolate__random_forest_clf__highlight_weighted,hybrid,hybrid,rank_regression_plus_topk_classifier,hybrid_score,0.3,0.93060800169344,0.7142857142857143,0.7142857142857143,0.7912807466671226,0.1659305123137535,0.16003526569472626,0.11865035274520572,0.3317802882598576,28,0.5,0.5,0.9642857142857143,0.75,0.75,0.6785714285714286,10,10
hybrid__alpha_0.7__regression__missing_rows_interpolate__xgboost_gpu__highlight_weighted__PLUS__classifier__missing_rows_interpolate__random_forest_clf__highlight_weighted,hybrid,hybrid,rank_regression_plus_topk_classifier,hybrid_score,0.7,0.929628450107634,0.7142857142857143,0.7142857142857143,0.8030799956044798,0.18242441858919475,0.18654322442111126,0.14095254862808948,0.0920815304759448,28,0.5,0.5,0.9642857142857143,0.75,0.75,0.6785714285714286,10,10
hybrid__alpha_0.3__regression__missing_rows_interpolate__extra_trees__standard__PLUS__classifier__missing_rows_interpolate__random_forest_clf__highlight_weighted,hybrid,hybrid,rank_regression_plus_topk_classifier,hybrid_score,0.3,0.9293732290403481,0.7142857142857143,0.7142857142857143,0.7848185710889573,0.1644330077073741,0.15820799897337426,0.1167949995190762,0.34695250569658576,28,0.5,0.5,0.9642857142857143,0.75,0.7142857142857143,0.6785714285714286,10,10
hybrid__alpha_0.7__regression__missing_rows_interpolate__xgboost_gpu__highlight_weighted__PLUS__classifier__all_zeros_mean__gradient_boosting_clf__standard,hybrid,hybrid,rank_regression_plus_topk_classifier,hybrid_score,0.7,0.9289159170461146,0.7142857142857143,0.7142857142857143,0.8272093392056998,0.1548168387427001,0.16284691543549212,0.1280009169474589,0.3080942084455256,28,0.4642857142857143,0.4642857142857143,0.9642857142857143,0.8571428571428571,0.75,0.7142857142857143,10,10
hybrid__alpha_0.7__regression__missing_rows_interpolate__random_forest__standard__PLUS__classifier__missing_rows_interpolate__gradient_boosting_clf__highlight_weighted,hybrid,hybrid,rank_regression_plus_topk_classifier,hybrid_score,0.7,0.9287675596723582,0.6785714285714286,0.6785714285714286,0.8142115946552271,0.16724073620283944,0.169996261365086,0.13197229901384086,0.24600818248498058,28,0.39285714285714285,0.39285714285714285,0.9642857142857143,0.7857142857142857,0.6785714285714286,0.6785714285714286,10,10
hybrid__alpha_0.3__regression__missing_rows_interpolate__extra_trees__standard__PLUS__classifier__missing_rows_interpolate__gradient_boosting_clf__standard,hybrid,hybrid,rank_regression_plus_topk_classifier,hybrid_score,0.3,0.9285651430739896,0.75,0.75,0.7925842933582548,0.1685092009511424,0.13156953966042081,0.09571792803448466,0.5483535482928874,28,0.39285714285714285,0.39285714285714285,0.9285714285714286,0.8571428571428571,0.6428571428571429,0.6428571428571429,10,10
hybrid__alpha_0.3__regression__missing_rows_interpolate__extra_trees__highlight_weighted__PLUS__classifier__missing_rows_interpolate__gradient_boosting_clf__standard,hybrid,hybrid,rank_regression_plus_topk_classifier,hybrid_score,0.3,0.9284836587441666,0.75,0.75,0.7988436458475299,0.16206307776296094,0.1286577973005044,0.09410484070491719,0.5681229603814762,28,0.42857142857142855,0.42857142857142855,0.9285714285714286,0.8571428571428571,0.6785714285714286,0.6785714285714286,10,10
regression__missing_rows_interpolate__extra_trees__highlight_weighted,regression,missing_rows_interpolate,extra_trees,highlight_weighted,,0.9281351627978653,0.7142857142857143,0.7142857142857143,0.7797513976754746,0.2631269958327,0.28945236560350646,0.25113501241721553,-1.1859594367943451,28,0.42857142857142855,0.42857142857142855,0.9285714285714286,0.7142857142857143,0.75,0.6785714285714286,10,10
hybrid__alpha_0.5__regression__missing_rows_interpolate__xgboost_gpu__highlight_weighted__PLUS__classifier__all_zeros_mean__gradient_boosting_clf__standard,hybrid,hybrid,rank_regression_plus_topk_classifier,hybrid_score,0.5,0.9279563874224711,0.7142857142857143,0.7142857142857143,0.7923492124650592,0.12971468326928492,0.11399402573001591,0.08501877122952319,0.6609591137690671,28,0.4642857142857143,0.4642857142857143,0.9642857142857143,0.8571428571428571,0.75,0.7142857142857143,10,10
hybrid__alpha_0.3__regression__missing_rows_interpolate__extra_trees__highlight_weighted__PLUS__classifier__missing_rows_interpolate__random_forest_clf__highlight_weighted,hybrid,hybrid,rank_regression_plus_topk_classifier,hybrid_score,0.3,0.9279388888050757,0.7142857142857143,0.7142857142857143,0.7869532312626816,0.1659527557164135,0.16019893493429238,0.11726596659409076,0.3304128029517769,28,0.4642857142857143,0.4642857142857143,0.9642857142857143,0.75,0.7142857142857143,0.6785714285714286,10,10
hybrid__alpha_0.7__regression__missing_rows_interpolate__extra_trees__standard__PLUS__classifier__missing_rows_interpolate__random_forest_clf__highlight_weighted,hybrid,hybrid,rank_regression_plus_topk_classifier,hybrid_score,0.7,0.927017919471928,0.7142857142857143,0.7142857142857143,0.7821604408662448,0.1732914124487634,0.1785852419432794,0.13519752757231882,0.16789328781563395,28,0.42857142857142855,0.42857142857142855,0.9642857142857143,0.7142857142857143,0.6785714285714286,0.6428571428571429,10,10
hybrid__alpha_0.3__regression__missing_rows_interpolate__xgboost_gpu__highlight_weighted__PLUS__classifier__all_zeros_mean__gradient_boosting_clf__standard,hybrid,hybrid,rank_regression_plus_topk_classifier,hybrid_score,0.3,0.9269387102415488,0.7142857142857143,0.7142857142857143,0.7579612689650161,0.16111472154025724,0.1294527927789971,0.09639416403477237,0.5627692068413217,28,0.42857142857142855,0.42857142857142855,1.0,0.8571428571428571,0.7142857142857143,0.7142857142857143,10,10
classifier__missing_rows_interpolate__random_forest_clf__highlight_weighted,classifier,missing_rows_interpolate,random_forest_clf,highlight_weighted,,0.9266373124285019,0.7142857142857143,0.7142857142857143,0.7759876110134866,0.2247685869882295,0.2335991618638996,0.20286976458352138,-0.4237392329048164,28,0.4642857142857143,0.4642857142857143,0.9642857142857143,0.75,0.75,0.6785714285714286,10,10
hybrid__alpha_0.7__regression__missing_rows_interpolate__extra_trees__highlight_weighted__PLUS__classifier__missing_rows_interpolate__random_forest_clf__highlight_weighted,hybrid,hybrid,rank_regression_plus_topk_classifier,hybrid_score,0.7,0.9265627451458914,0.6785714285714286,0.6785714285714286,0.7824217370426545,0.18715308286420018,0.1932597737918098,0.14638534825392616,0.025524721395965067,28,0.4642857142857143,0.4642857142857143,0.9642857142857143,0.75,0.7142857142857143,0.6785714285714286,10,10
hybrid__alpha_0.3__regression__missing_rows_interpolate__random_forest__standard__PLUS__classifier__all_zeros_mean__gradient_boosting_clf__standard,hybrid,hybrid,rank_regression_plus_topk_classifier,hybrid_score,0.3,0.9261042937296129,0.7142857142857143,0.7142857142857143,0.7444630838379679,0.16789189687470749,0.1340904306202001,0.09875029759362018,0.530880524317241,28,0.39285714285714285,0.39285714285714285,1.0,0.8571428571428571,0.6785714285714286,0.6785714285714286,10,10
hybrid__alpha_0.7__regression__missing_rows_interpolate__random_forest__standard__PLUS__classifier__missing_rows_interpolate__random_forest_clf__highlight_weighted,hybrid,hybrid,rank_regression_plus_topk_classifier,hybrid_score,0.7,0.9250048149694328,0.7142857142857143,0.7142857142857143,0.8052810126450152,0.17463638889826666,0.17838341059428808,0.13341496929631766,0.16977306595665687,28,0.5,0.5,0.9642857142857143,0.7142857142857143,0.7142857142857143,0.6785714285714286,10,10
hybrid__alpha_0.7__regression__missing_rows_interpolate__random_forest__standard__PLUS__classifier__missing_rows_interpolate__random_forest_clf__standard,hybrid,hybrid,rank_regression_plus_topk_classifier,hybrid_score,0.7,0.9248764790637181,0.6785714285714286,0.6785714285714286,0.8203475857915674,0.1721424605068871,0.17436065935376657,0.1336246139363481,0.2067959964066668,28,0.42857142857142855,0.42857142857142855,0.9642857142857143,0.75,0.7142857142857143,0.6785714285714286,10,10
hybrid__alpha_0.3__regression__missing_rows_interpolate__random_forest__standard__PLUS__classifier__missing_rows_interpolate__random_forest_clf__standard,hybrid,hybrid,rank_regression_plus_topk_classifier,hybrid_score,0.3,0.924683577772631,0.6785714285714286,0.6785714285714286,0.7982649412119827,0.16046240826014435,0.1456456525667881,0.11092773652572414,0.4465441991108624,28,0.4642857142857143,0.4642857142857143,0.9642857142857143,0.75,0.7142857142857143,0.6785714285714286,10,10
hybrid__alpha_0.3__regression__missing_rows_interpolate__random_forest__highlight_weighted__PLUS__classifier__missing_rows_interpolate__random_forest_clf__standard,hybrid,hybrid,rank_regression_plus_topk_classifier,hybrid_score,0.3,0.9245991506656189,0.6785714285714286,0.6785714285714286,0.7917660399646649,0.15981350952409054,0.14654701686578347,0.1114759565181995,0.439672604015678,28,0.4642857142857143,0.4642857142857143,0.9642857142857143,0.75,0.7142857142857143,0.6785714285714286,10,10
hybrid__alpha_0.5__regression__missing_rows_interpolate__random_forest__highlight_weighted__PLUS__classifier__missing_rows_interpolate__random_forest_clf__standard,hybrid,hybrid,rank_regression_plus_topk_classifier,hybrid_score,0.5,0.9244894183443422,0.6785714285714286,0.6785714285714286,0.7967119553938228,0.15215336926873105,0.14345278919998475,0.10275765827817598,0.4630845689310801,28,0.4642857142857143,0.4642857142857143,0.9642857142857143,0.75,0.7142857142857143,0.6785714285714286,10,10
hybrid__alpha_0.5__regression__missing_rows_interpolate__random_forest__standard__PLUS__classifier__missing_rows_interpolate__random_forest_clf__highlight_weighted,hybrid,hybrid,rank_regression_plus_topk_classifier,hybrid_score,0.5,0.9244646487290524,0.7142857142857143,0.7142857142857143,0.800621251370172,0.15413118592954936,0.14765971136340036,0.10204313961289928,0.43113145236218253,28,0.5,0.5,0.9642857142857143,0.7142857142857143,0.75,0.6785714285714286,10,10
hybrid__alpha_0.5__regression__missing_rows_interpolate__random_forest__standard__PLUS__classifier__missing_rows_interpolate__random_forest_clf__standard,hybrid,hybrid,rank_regression_plus_topk_classifier,hybrid_score,0.5,0.9241692495967723,0.6785714285714286,0.6785714285714286,0.8044860608321566,0.1503132126566356,0.13881086677317092,0.10058526728628568,0.4972699742228055,28,0.42857142857142855,0.42857142857142855,0.9642857142857143,0.75,0.7142857142857143,0.6785714285714286,10,10
hybrid__alpha_0.5__regression__missing_rows_interpolate__extra_trees__standard__PLUS__classifier__missing_rows_interpolate__random_forest_clf__highlight_weighted,hybrid,hybrid,rank_regression_plus_topk_classifier,hybrid_score,0.5,0.9237328476609293,0.7142857142857143,0.7142857142857143,0.7851515579929446,0.15373282743301747,0.14783225412298964,0.10098507124367707,0.4298012114250841,28,0.4642857142857143,0.4642857142857143,0.9642857142857143,0.75,0.6785714285714286,0.6428571428571429,10,10
hybrid__alpha_0.5__regression__missing_rows_interpolate__extra_trees__standard__PLUS__classifier__all_zeros_mean__gradient_boosting_clf__standard,hybrid,hybrid,rank_regression_plus_topk_classifier,hybrid_score,0.5,0.9233512451038721,0.7142857142857143,0.7142857142857143,0.7350093615837145,0.1406936982462202,0.11764956778364787,0.08399606691854,0.638865845284748,28,0.39285714285714285,0.39285714285714285,0.9642857142857143,0.8214285714285714,0.6785714285714286,0.6785714285714286,10,10
hybrid__alpha_0.7__regression__missing_rows_interpolate__random_forest__highlight_weighted__PLUS__classifier__missing_rows_interpolate__random_forest_clf__highlight_weighted,hybrid,hybrid,rank_regression_plus_topk_classifier,hybrid_score,0.7,0.9231806749668708,0.7142857142857143,0.7142857142857143,0.8015786787086783,0.18247511848560435,0.18767856297360921,0.1393169284814523,0.08099636076582317,28,0.5357142857142857,0.5357142857142857,0.9642857142857143,0.7142857142857143,0.75,0.6785714285714286,10,10
hybrid__alpha_0.3__regression__missing_rows_interpolate__extra_trees__highlight_weighted__PLUS__classifier__missing_rows_interpolate__random_forest_clf__standard,hybrid,hybrid,rank_regression_plus_topk_classifier,hybrid_score,0.3,0.9226188219202242,0.6785714285714286,0.6785714285714286,0.7886114753253237,0.1606596429288039,0.14744394649602113,0.11112745637915061,0.4327927338118406,28,0.42857142857142855,0.42857142857142855,0.9642857142857143,0.75,0.6785714285714286,0.6428571428571429,10,10
hybrid__alpha_0.7__regression__missing_rows_interpolate__random_forest__highlight_weighted__PLUS__classifier__missing_rows_interpolate__random_forest_clf__standard,hybrid,hybrid,rank_regression_plus_topk_classifier,hybrid_score,0.7,0.922586220209668,0.6785714285714286,0.6785714285714286,0.8184816270273545,0.17797863916153556,0.182909249505251,0.1388643318725219,0.1271105834785995,28,0.4642857142857143,0.4642857142857143,0.9285714285714286,0.7142857142857143,0.75,0.6785714285714286,10,10
hybrid__alpha_0.7__regression__missing_rows_interpolate__extra_trees__highlight_weighted__PLUS__classifier__all_zeros_mean__gradient_boosting_clf__standard,hybrid,hybrid,rank_regression_plus_topk_classifier,hybrid_score,0.7,0.9223143964613922,0.7142857142857143,0.7142857142857143,0.7547440230555997,0.16445375492137984,0.17124120984320249,0.1348792619676418,0.23492419604504733,28,0.39285714285714285,0.39285714285714285,0.9642857142857143,0.8571428571428571,0.6785714285714286,0.6785714285714286,10,10
hybrid__alpha_0.7__regression__missing_rows_interpolate__extra_trees__standard__PLUS__classifier__missing_rows_interpolate__random_forest_clf__standard,hybrid,hybrid,rank_regression_plus_topk_classifier,hybrid_score,0.7,0.9205012787484755,0.6785714285714286,0.6785714285714286,0.7810201275141244,0.17191461786648704,0.17512735775571464,0.1360277729476187,0.1998049088706032,28,0.42857142857142855,0.42857142857142855,0.9285714285714286,0.7142857142857143,0.7142857142857143,0.6785714285714286,10,10
hybrid__alpha_0.5__regression__missing_rows_interpolate__extra_trees__standard__PLUS__classifier__missing_rows_interpolate__random_forest_clf__standard,hybrid,hybrid,rank_regression_plus_topk_classifier,hybrid_score,0.5,0.9204600251392671,0.6785714285714286,0.6785714285714286,0.7769360058501193,0.15144367967297567,0.13983083102215982,0.10023961924346718,0.489854841148754,28,0.42857142857142855,0.42857142857142855,0.9642857142857143,0.75,0.6785714285714286,0.6428571428571429,10,10
hybrid__alpha_0.5__regression__missing_rows_interpolate__random_forest__highlight_weighted__PLUS__classifier__all_zeros_mean__gradient_boosting_clf__standard,hybrid,hybrid,rank_regression_plus_topk_classifier,hybrid_score,0.5,0.9199516363468839,0.7142857142857143,0.7142857142857143,0.761856908520437,0.13384393404940678,0.11739801513288375,0.0850925772290032,0.64040851367191,28,0.42857142857142855,0.42857142857142855,0.9642857142857143,0.8571428571428571,0.7142857142857143,0.6785714285714286,10,10
classifier__missing_rows_interpolate__random_forest_clf__standard,classifier,missing_rows_interpolate,random_forest_clf,standard,,0.9196679815382509,0.6785714285714286,0.6785714285714286,0.7837203850783947,0.22269128214256198,0.22056528909231155,0.18986932055156658,-0.26929400029720596,28,0.4642857142857143,0.4642857142857143,0.9642857142857143,0.75,0.7142857142857143,0.6785714285714286,10,10
hybrid__alpha_0.3__regression__missing_rows_interpolate__extra_trees__standard__PLUS__classifier__missing_rows_interpolate__random_forest_clf__standard,hybrid,hybrid,rank_regression_plus_topk_classifier,hybrid_score,0.3,0.9193193272861498,0.6785714285714286,0.6785714285714286,0.7769014457415057,0.16183674493028877,0.14642016618369566,0.11066937424353299,0.4406422197945993,28,0.42857142857142855,0.42857142857142855,0.9642857142857143,0.75,0.6785714285714286,0.6428571428571429,10,10
hybrid__alpha_0.3__regression__missing_rows_interpolate__random_forest__highlight_weighted__PLUS__classifier__all_zeros_mean__gradient_boosting_clf__standard,hybrid,hybrid,rank_regression_plus_topk_classifier,hybrid_score,0.3,0.9187594589535274,0.7142857142857143,0.7142857142857143,0.7306829571313247,0.16402408702489182,0.13226606581385036,0.09766323242041901,0.5435588782551839,28,0.39285714285714285,0.39285714285714285,1.0,0.8571428571428571,0.6785714285714286,0.6785714285714286,10,10
hybrid__alpha_0.5__regression__missing_rows_interpolate__extra_trees__highlight_weighted__PLUS__classifier__all_zeros_mean__gradient_boosting_clf__standard,hybrid,hybrid,rank_regression_plus_topk_classifier,hybrid_score,0.5,0.9187520821254422,0.7142857142857143,0.7142857142857143,0.7286661568572628,0.138355456967919,0.12170684363406521,0.08683463115915514,0.6135281275772484,28,0.39285714285714285,0.39285714285714285,1.0,0.8571428571428571,0.6785714285714286,0.6785714285714286,10,10
hybrid__alpha_0.3__regression__missing_rows_interpolate__extra_trees__standard__PLUS__classifier__all_zeros_mean__gradient_boosting_clf__standard,hybrid,hybrid,rank_regression_plus_topk_classifier,hybrid_score,0.3,0.9183924085230949,0.7142857142857143,0.7142857142857143,0.7168830344242638,0.1712171036581233,0.13553114189561413,0.09881441972294387,0.5207456239260433,28,0.39285714285714285,0.39285714285714285,1.0,0.8571428571428571,0.6785714285714286,0.6785714285714286,10,10
hybrid__alpha_0.3__regression__missing_rows_interpolate__extra_trees__highlight_weighted__PLUS__classifier__all_zeros_mean__gradient_boosting_clf__standard,hybrid,hybrid,rank_regression_plus_topk_classifier,hybrid_score,0.3,0.9180793866977306,0.7142857142857143,0.7142857142857143,0.7241712605682514,0.16558662960804138,0.13318268168131656,0.09739920134769248,0.5372106001542014,28,0.39285714285714285,0.39285714285714285,1.0,0.8571428571428571,0.6785714285714286,0.6785714285714286,10,10
classifier__all_zeros_mean__gradient_boosting_clf__standard,classifier,all_zeros_mean,gradient_boosting_clf,standard,,0.9179319258564371,0.7142857142857143,0.7142857142857143,0.7035268490462306,0.26489724786974533,0.23413213968104407,0.2011248494752891,-0.43024342652145964,28,0.42857142857142855,0.42857142857142855,1.0,0.8571428571428571,0.6785714285714286,0.6785714285714286,10,10
regression__missing_rows_interpolate__random_forest__highlight_weighted,regression,missing_rows_interpolate,random_forest,highlight_weighted,,0.9170132228858741,0.7142857142857143,0.7142857142857143,0.8428044760882136,0.25481660575944004,0.2803541693254441,0.24000638040607955,-1.0506990516399024,28,0.5,0.5,0.8928571428571429,0.7142857142857143,0.75,0.6428571428571429,10,10
hybrid__alpha_0.7__regression__missing_rows_interpolate__extra_trees__standard__PLUS__classifier__all_zeros_mean__gradient_boosting_clf__standard,hybrid,hybrid,rank_regression_plus_topk_classifier,hybrid_score,0.7,0.9153944466180047,0.7142857142857143,0.7142857142857143,0.7408104477800188,0.1563558201569695,0.1585304133630721,0.1254187862041749,0.34428808349174866,28,0.39285714285714285,0.39285714285714285,0.9285714285714286,0.8214285714285714,0.6785714285714286,0.6785714285714286,10,10
hybrid__alpha_0.5__regression__missing_rows_interpolate__random_forest__standard__PLUS__classifier__all_zeros_mean__gradient_boosting_clf__standard,hybrid,hybrid,rank_regression_plus_topk_classifier,hybrid_score,0.5,0.9146008885790957,0.6785714285714286,0.6785714285714286,0.7688740295520471,0.13652296172896586,0.11560309636518536,0.08392103336987991,0.651320170114674,28,0.42857142857142855,0.42857142857142855,0.9642857142857143,0.8214285714285714,0.7142857142857143,0.6785714285714286,10,10
regression__missing_rows_interpolate__random_forest__standard,regression,missing_rows_interpolate,random_forest,standard,,0.9140365632094757,0.7142857142857143,0.7142857142857143,0.8237442062488323,0.2435231257069809,0.2676219447262531,0.2294964262727963,-0.8686645070576948,28,0.4642857142857143,0.4642857142857143,0.8928571428571429,0.7142857142857143,0.7857142857142857,0.6785714285714286,10,10
classifier__missing_rows_mean__gradient_boosting_clf__standard,classifier,missing_rows_mean,gradient_boosting_clf,standard,,0.9136460393796184,0.7142857142857143,0.7142857142857143,0.6903627236168112,0.26559551356450706,0.23460523191666385,0.20172107126246228,-0.4360292248698918,28,0.42857142857142855,0.42857142857142855,1.0,0.8571428571428571,0.6785714285714286,0.6785714285714286,10,10
hybrid__alpha_0.7__regression__missing_rows_interpolate__random_forest__standard__PLUS__classifier__all_zeros_mean__gradient_boosting_clf__standard,hybrid,hybrid,rank_regression_plus_topk_classifier,hybrid_score,0.7,0.912547598703808,0.6785714285714286,0.6785714285714286,0.8105770094885663,0.15440490071963553,0.15716775168871566,0.12226134484471951,0.3555120921027469,28,0.42857142857142855,0.42857142857142855,0.9285714285714286,0.8214285714285714,0.7142857142857143,0.6785714285714286,10,10
classifier__missing_rows_interpolate__extra_trees_clf__standard,classifier,missing_rows_interpolate,extra_trees_clf,standard,,0.9096019042344955,0.6785714285714286,0.6785714285714286,0.7394412948909999,0.2179052104035604,0.23029976074328581,0.1940443667576719,-0.3838049055447461,28,0.42857142857142855,0.42857142857142855,0.9642857142857143,0.7857142857142857,0.7857142857142857,0.75,10,10
hybrid__alpha_0.7__regression__missing_rows_interpolate__random_forest__highlight_weighted__PLUS__classifier__all_zeros_mean__gradient_boosting_clf__standard,hybrid,hybrid,rank_regression_plus_topk_classifier,hybrid_score,0.7,0.906382207133566,0.6785714285714286,0.6785714285714286,0.790429979561753,0.15750644869676902,0.16433670538406248,0.12727588369975668,0.29537662820780686,28,0.42857142857142855,0.42857142857142855,0.9285714285714286,0.8214285714285714,0.7142857142857143,0.6785714285714286,10,10
classifier__missing_rows_interpolate__xgboost_gpu_clf__highlight_weighted,classifier,missing_rows_interpolate,xgboost_gpu_clf,highlight_weighted,,0.901882619951674,0.6785714285714286,0.6785714285714286,0.8364645004199437,0.21056473441775342,0.2113255515502753,0.18069550461670728,-0.1651770302108151,28,0.5,0.5,0.8214285714285714,0.75,0.75,0.7142857142857143,10,10
classifier__missing_rows_interpolate__xgboost_gpu_clf__standard,classifier,missing_rows_interpolate,xgboost_gpu_clf,standard,,0.8980502427051714,0.6785714285714286,0.6785714285714286,0.7174949173644292,0.28875860574813206,0.23030237792892488,0.19205150475237037,-0.3838363575522794,28,0.5,0.5,0.9285714285714286,0.6785714285714286,0.75,0.6428571428571429,10,10
regression__missing_rows_interpolate__extra_trees__standard,regression,missing_rows_interpolate,extra_trees,standard,,0.8808023457940707,0.6428571428571429,0.6428571428571429,0.7183647315365432,0.24083223768563553,0.26781684539152406,0.2328850303266497,-0.8713872776071963,28,0.42857142857142855,0.42857142857142855,0.8928571428571429,0.6428571428571429,0.7142857142857143,0.6785714285714286,10,10
regression__missing_rows_interpolate__gradient_boosting__standard,regression,missing_rows_interpolate,gradient_boosting,standard,,0.8797850531279595,0.6785714285714286,0.6785714285714286,0.7395300574252297,0.2393773280657967,0.27068273257229497,0.23134179635099056,-0.9116527083533956,28,0.5,0.5,0.8571428571428571,0.6785714285714286,0.7142857142857143,0.6071428571428571,10,10
regression__missing_rows_interpolate__xgboost_gpu__standard,regression,missing_rows_interpolate,xgboost_gpu,standard,,0.8759831483425705,0.75,0.75,0.760856629024346,0.24701380347844698,0.2738294442815069,0.23357437525250438,-0.9563573321726349,28,0.5714285714285714,0.5714285714285714,0.9642857142857143,0.75,0.8214285714285714,0.7142857142857143,10,10
regression__all_zeros_mean__gradient_boosting__highlight_weighted,regression,all_zeros_mean,gradient_boosting,highlight_weighted,,0.860002116727305,0.6428571428571429,0.6428571428571429,0.6635893123346941,0.27465465536218436,0.3077854590919244,0.26695934230855306,-1.4716335910708023,28,0.39285714285714285,0.39285714285714285,0.8928571428571429,0.75,0.7142857142857143,0.6785714285714286,10,10
regression__missing_rows_mean__gradient_boosting__highlight_weighted,regression,missing_rows_mean,gradient_boosting,highlight_weighted,,0.8588349507867321,0.6428571428571429,0.6428571428571429,0.6428266259222635,0.2744656492489339,0.30759099641110943,0.2655918283097707,-1.4685113600322812,28,0.39285714285714285,0.39285714285714285,0.8928571428571429,0.7142857142857143,0.7142857142857143,0.6785714285714286,10,10
classifier__missing_rows_interpolate__extra_trees_clf__highlight_weighted,classifier,missing_rows_interpolate,extra_trees_clf,highlight_weighted,,0.8587185625997863,0.7142857142857143,0.7142857142857143,0.6786437481366279,0.236437999865248,0.24156617585715517,0.19911773922487422,-0.522509954020387,28,0.4642857142857143,0.4642857142857143,0.9285714285714286,0.75,0.8214285714285714,0.75,10,10
classifier__all_zeros_mean__gradient_boosting_clf__highlight_weighted,classifier,all_zeros_mean,gradient_boosting_clf,highlight_weighted,,0.8487615749560519,0.6428571428571429,0.6428571428571429,0.6303915212217504,0.22064841402095478,0.20500613275195187,0.17055787407017287,-0.0965327281850703,28,0.42857142857142855,0.42857142857142855,0.9285714285714286,0.8214285714285714,0.7142857142857143,0.7142857142857143,10,10
classifier__missing_rows_mean__gradient_boosting_clf__highlight_weighted,classifier,missing_rows_mean,gradient_boosting_clf,highlight_weighted,,0.8354227432917187,0.6428571428571429,0.6428571428571429,0.6162777172317851,0.22090670285977732,0.20560993905887148,0.17108115396921103,-0.10300149477999265,28,0.42857142857142855,0.42857142857142855,0.9285714285714286,0.8214285714285714,0.7857142857142857,0.75,10,10
regression__missing_rows_mean__random_forest__standard,regression,missing_rows_mean,random_forest,standard,,0.8261773865937049,0.6071428571428571,0.6071428571428571,0.6309182094645878,0.24263773181212875,0.2653557971125371,0.23055236172158594,-0.8371518400365985,28,0.39285714285714285,0.39285714285714285,0.8928571428571429,0.6428571428571429,0.6785714285714286,0.6785714285714286,10,10
classifier__missing_rows_mean__random_forest_clf__standard,classifier,missing_rows_mean,random_forest_clf,standard,,0.8224639293806285,0.6071428571428571,0.6071428571428571,0.6588255992233414,0.21482999258603475,0.21654178540478433,0.1890453376534687,-0.22340800761884605,28,0.39285714285714285,0.39285714285714285,0.8928571428571429,0.6785714285714286,0.7142857142857143,0.7142857142857143,10,10
classifier__missing_rows_interpolate__logistic_l2__highlight_weighted,classifier,missing_rows_interpolate,logistic_l2,highlight_weighted,,0.8220291696720243,0.6428571428571429,0.6428571428571429,0.6388572436028424,0.27654868577915587,0.27113536095862767,0.23039490371747098,-0.9180512821490441,28,0.5714285714285714,0.5714285714285714,0.9285714285714286,0.6785714285714286,0.7857142857142857,0.7142857142857143,10,10
regression__all_zeros_mean__random_forest__standard,regression,all_zeros_mean,random_forest,standard,,0.8218530529520707,0.6071428571428571,0.6071428571428571,0.6241719469249768,0.24222595487647494,0.26517811938213887,0.23136634288780825,-0.8346924124309489,28,0.39285714285714285,0.39285714285714285,0.8928571428571429,0.6428571428571429,0.6785714285714286,0.6785714285714286,10,10
regression__all_zeros_mean__gradient_boosting__standard,regression,all_zeros_mean,gradient_boosting,standard,,0.8213060507274282,0.6428571428571429,0.6428571428571429,0.6540399080132797,0.2402364902136801,0.2694084863151788,0.23563884305568847,-0.8936967588578195,28,0.39285714285714285,0.39285714285714285,0.9285714285714286,0.6785714285714286,0.6428571428571429,0.6071428571428571,10,10
classifier__all_zeros_mean__random_forest_clf__standard,classifier,all_zeros_mean,random_forest_clf,standard,,0.817024945189779,0.6071428571428571,0.6071428571428571,0.615365989079498,0.21455163236146918,0.2145389973367964,0.18729189653393663,-0.20088213881369343,28,0.39285714285714285,0.39285714285714285,0.8928571428571429,0.7142857142857143,0.7142857142857143,0.7142857142857143,10,10
regression__missing_rows_interpolate__gradient_boosting__highlight_weighted,regression,missing_rows_interpolate,gradient_boosting,highlight_weighted,,0.8091110548823811,0.6071428571428571,0.6071428571428571,0.6187296514263148,0.26616460068592124,0.2986514963400418,0.25147332501682984,-1.3271119823391673,28,0.39285714285714285,0.39285714285714285,0.8214285714285714,0.6071428571428571,0.6785714285714286,0.6428571428571429,10,10
classifier__missing_rows_interpolate__logistic_l2__standard,classifier,missing_rows_interpolate,logistic_l2,standard,,0.8082362899062387,0.6428571428571429,0.6428571428571429,0.6244680441153949,0.24145310469575135,0.24004773524269196,0.2052568943462754,-0.503429674770808,28,0.5,0.5,0.9285714285714286,0.6428571428571429,0.7857142857142857,0.6785714285714286,10,10
classifier__missing_rows_mean__random_forest_clf__highlight_weighted,classifier,missing_rows_mean,random_forest_clf,highlight_weighted,,0.8064974576701722,0.5714285714285714,0.5714285714285714,0.5557424518754254,0.2314486621548747,0.24221629581376447,0.20861571106471571,-0.5307159541406281,28,0.39285714285714285,0.39285714285714285,0.8571428571428571,0.6428571428571429,0.6785714285714286,0.6428571428571429,10,10
regression__missing_rows_mean__gradient_boosting__standard,regression,missing_rows_mean,gradient_boosting,standard,,0.8045188458515257,0.6071428571428571,0.6071428571428571,0.6213089075271966,0.23951263509305915,0.26835106967617234,0.23346009328755304,-0.8788605762949,28,0.39285714285714285,0.39285714285714285,0.9285714285714286,0.6785714285714286,0.6428571428571429,0.6071428571428571,10,10
classifier__all_zeros_mean__random_forest_clf__highlight_weighted,classifier,all_zeros_mean,random_forest_clf,highlight_weighted,,0.8012647484981033,0.5714285714285714,0.5714285714285714,0.5324378464178728,0.2333923179076387,0.24940664222517084,0.21421315821374523,-0.6229454520119075,28,0.39285714285714285,0.39285714285714285,0.8571428571428571,0.6428571428571429,0.6785714285714286,0.6428571428571429,10,10
regression__all_zeros_mean__xgboost_gpu__highlight_weighted,regression,all_zeros_mean,xgboost_gpu,highlight_weighted,,0.8008859716667087,0.6071428571428571,0.6071428571428571,0.5703080533332276,0.2621348131309621,0.2916067931629653,0.24677235040219703,-1.2186212386054787,28,0.5,0.5,0.8571428571428571,0.6785714285714286,0.7857142857142857,0.6785714285714286,10,10
regression__all_zeros_mean__random_forest__highlight_weighted,regression,all_zeros_mean,random_forest,highlight_weighted,,0.797508844281623,0.6071428571428571,0.6071428571428571,0.6080015083304756,0.2579019044899718,0.2845174104272587,0.24689881874800718,-1.1120567668745234,28,0.42857142857142855,0.42857142857142855,0.8571428571428571,0.6071428571428571,0.7142857142857143,0.6785714285714286,10,10
regression__missing_rows_mean__xgboost_gpu__standard,regression,missing_rows_mean,xgboost_gpu,standard,,0.7968221426579062,0.6071428571428571,0.6071428571428571,0.5451454290258014,0.2453387007129553,0.27335124811523165,0.23262354986568565,-0.9495304132217726,28,0.35714285714285715,0.35714285714285715,0.8928571428571429,0.6785714285714286,0.5714285714285714,0.5714285714285714,10,10
regression__all_zeros_mean__extra_trees__highlight_weighted,regression,all_zeros_mean,extra_trees,highlight_weighted,,0.7961001889258356,0.6071428571428571,0.6071428571428571,0.5212864026463622,0.27832671002722414,0.31673327114398653,0.2799458592806212,-1.617431136843979,28,0.35714285714285715,0.35714285714285715,0.8571428571428571,0.6071428571428571,0.6071428571428571,0.5714285714285714,10,10
regression__missing_rows_mean__extra_trees__highlight_weighted,regression,missing_rows_mean,extra_trees,highlight_weighted,,0.795478923717903,0.5714285714285714,0.5714285714285714,0.5435822892461518,0.28124553665407553,0.31473114649004125,0.27304773014302736,-1.5844452709245194,28,0.35714285714285715,0.35714285714285715,0.8571428571428571,0.5714285714285714,0.6785714285714286,0.6428571428571429,10,10
regression__missing_rows_mean__random_forest__highlight_weighted,regression,missing_rows_mean,random_forest,highlight_weighted,,0.7942537605446964,0.6071428571428571,0.6071428571428571,0.6019156532050617,0.257674334412952,0.28276741368219577,0.24489564404592024,-1.0861551843795865,28,0.42857142857142855,0.42857142857142855,0.8571428571428571,0.6071428571428571,0.75,0.7142857142857143,10,10
regression__missing_rows_mean__xgboost_gpu__highlight_weighted,regression,missing_rows_mean,xgboost_gpu,highlight_weighted,,0.7942275390299093,0.6428571428571429,0.6428571428571429,0.5778875693124932,0.26186490529759165,0.29002508985814623,0.24565002229304383,-1.1946184821087868,28,0.4642857142857143,0.4642857142857143,0.8571428571428571,0.6785714285714286,0.75,0.7142857142857143,10,10
classifier__missing_rows_mean__extra_trees_clf__standard,classifier,missing_rows_mean,extra_trees_clf,standard,,0.7873109657228782,0.6071428571428571,0.6071428571428571,0.5613157142746005,0.22906305064347252,0.24007551505295277,0.2060807012340968,-0.5037776672875054,28,0.39285714285714285,0.39285714285714285,0.8928571428571429,0.6428571428571429,0.6428571428571429,0.6071428571428571,10,10
classifier__all_zeros_mean__xgboost_gpu_clf__highlight_weighted,classifier,all_zeros_mean,xgboost_gpu_clf,highlight_weighted,,0.7852376636350245,0.6428571428571429,0.6428571428571429,0.5882311732781667,0.2253617512532468,0.20571174695972672,0.16987241927865213,-0.10409406908480578,28,0.39285714285714285,0.39285714285714285,0.8571428571428571,0.6785714285714286,0.6071428571428571,0.5357142857142857,10,10
regression__all_zeros_mean__xgboost_gpu__standard,regression,all_zeros_mean,xgboost_gpu,standard,,0.7816082409608083,0.5357142857142857,0.5357142857142857,0.5502796978427975,0.24547427001456365,0.27412761060247776,0.23367463974281738,-0.9606201129797449,28,0.35714285714285715,0.35714285714285715,0.8571428571428571,0.6071428571428571,0.6428571428571429,0.6428571428571429,10,10
classifier__missing_rows_mean__extra_trees_clf__highlight_weighted,classifier,missing_rows_mean,extra_trees_clf,highlight_weighted,,0.7798083234928288,0.6785714285714286,0.6785714285714286,0.5721230614436387,0.275834542525343,0.2957932141269962,0.24117489604778303,-1.2827812949060058,28,0.39285714285714285,0.39285714285714285,0.8928571428571429,0.7142857142857143,0.6071428571428571,0.5714285714285714,10,10
regression__missing_rows_interpolate__elastic_net__highlight_weighted,regression,missing_rows_interpolate,elastic_net,highlight_weighted,,0.7698135638914816,0.5357142857142857,0.5357142857142857,0.6195293185255,0.2869996718212747,0.3237055848048446,0.2765468606313725,-1.7339355781695214,28,0.32142857142857145,0.32142857142857145,0.75,0.5714285714285714,0.6071428571428571,0.5357142857142857,10,10
classifier__all_zeros_mean__extra_trees_clf__highlight_weighted,classifier,all_zeros_mean,extra_trees_clf,highlight_weighted,,0.7691721965632112,0.6428571428571429,0.6428571428571429,0.5404969599713727,0.26357591576020906,0.28570493888719656,0.22117808869185415,-1.1297243097495624,28,0.39285714285714285,0.39285714285714285,0.8928571428571429,0.6785714285714286,0.6071428571428571,0.5714285714285714,10,10
classifier__all_zeros_mean__extra_trees_clf__standard,classifier,all_zeros_mean,extra_trees_clf,standard,,0.768342113374268,0.6071428571428571,0.6071428571428571,0.5599047593719174,0.20751001134528804,0.21548683876044492,0.17795123159144854,-0.21151666453513496,28,0.39285714285714285,0.39285714285714285,0.8571428571428571,0.6428571428571429,0.6428571428571429,0.6071428571428571,10,10
classifier__missing_rows_mean__xgboost_gpu_clf__highlight_weighted,classifier,missing_rows_mean,xgboost_gpu_clf,highlight_weighted,,0.7668036713718319,0.6428571428571429,0.6428571428571429,0.5809388675212767,0.22746867249631958,0.20833721944312905,0.17071306392686572,-0.1324567362185527,28,0.42857142857142855,0.42857142857142855,0.8571428571428571,0.6785714285714286,0.6071428571428571,0.5357142857142857,10,10
classifier__all_zeros_mean__xgboost_gpu_clf__standard,classifier,all_zeros_mean,xgboost_gpu_clf,standard,,0.7557025277611051,0.6071428571428571,0.6071428571428571,0.49390383414473754,0.30101758755789076,0.23414508750710814,0.19446902109848532,-0.43040161971263324,28,0.42857142857142855,0.42857142857142855,0.8571428571428571,0.6071428571428571,0.6428571428571429,0.6071428571428571,10,10
regression__all_zeros_mean__extra_trees__standard,regression,all_zeros_mean,extra_trees,standard,,0.7533781845168424,0.5714285714285714,0.5714285714285714,0.5051712815523466,0.23645694658436808,0.2649743650061456,0.23574565279770002,-0.8318740578072157,28,0.42857142857142855,0.42857142857142855,0.8571428571428571,0.6071428571428571,0.6071428571428571,0.5714285714285714,10,10
classifier__missing_rows_mean__xgboost_gpu_clf__standard,classifier,missing_rows_mean,xgboost_gpu_clf,standard,,0.7523366355989669,0.6071428571428571,0.6071428571428571,0.49660707638195417,0.2988679889528693,0.23376535502542803,0.19425003250658932,-0.42576578036381485,28,0.42857142857142855,0.42857142857142855,0.8571428571428571,0.6071428571428571,0.6785714285714286,0.6071428571428571,10,10
regression__missing_rows_mean__extra_trees__standard,regression,missing_rows_mean,extra_trees,standard,,0.7482535108689432,0.5714285714285714,0.5714285714285714,0.49459297081321846,0.24562150748569253,0.27164983092998346,0.2375891020586167,-0.925337059813427,28,0.42857142857142855,0.42857142857142855,0.8571428571428571,0.5714285714285714,0.6785714285714286,0.6428571428571429,10,10
regression__missing_rows_mean__ridge_l2_alpha_10__highlight_weighted,regression,missing_rows_mean,ridge_l2_alpha_10,highlight_weighted,,0.6843083803373529,0.5,0.5,0.3802538162302845,0.3001757081947428,0.3434099601354436,0.2954948919309921,-2.0769020171915673,28,0.32142857142857145,0.32142857142857145,0.75,0.5357142857142857,0.5357142857142857,0.5,10,10
regression__missing_rows_interpolate__ridge_l2_alpha_100__highlight_weighted,regression,missing_rows_interpolate,ridge_l2_alpha_100,highlight_weighted,,0.6647710282113284,0.5357142857142857,0.5357142857142857,0.4683556704673286,0.28907757904235537,0.329351782674954,0.28791191129667393,-1.8301400632520508,28,0.39285714285714285,0.39285714285714285,0.6785714285714286,0.5357142857142857,0.6071428571428571,0.5357142857142857,10,10
regression__missing_rows_mean__elastic_net__highlight_weighted,regression,missing_rows_mean,elastic_net,highlight_weighted,,0.6597298649098865,0.5,0.5,0.3906737060238801,0.30055061413945455,0.3437815485728618,0.29605041681632205,-2.083564373700964,28,0.39285714285714285,0.39285714285714285,0.75,0.5357142857142857,0.6071428571428571,0.5357142857142857,10,10
regression__missing_rows_mean__ridge_l2_alpha_100__highlight_weighted,regression,missing_rows_mean,ridge_l2_alpha_100,highlight_weighted,,0.6489350933001251,0.5357142857142857,0.5357142857142857,0.39979832459281933,0.29783844487374017,0.34412591441863793,0.30251255378391684,-2.089745078264557,28,0.32142857142857145,0.32142857142857145,0.75,0.5357142857142857,0.5,0.4642857142857143,10,10
regression__missing_rows_mean__ridge_l2_alpha_100__standard,regression,missing_rows_mean,ridge_l2_alpha_100,standard,,0.6475943805764831,0.4642857142857143,0.4642857142857143,0.38415320022831967,0.2446041613465848,0.2814902496629571,0.24632612343935148,-1.067352838683644,28,0.35714285714285715,0.35714285714285715,0.75,0.6071428571428571,0.5357142857142857,0.5,10,10
classifier__missing_rows_mean__logistic_l2__standard,classifier,missing_rows_mean,logistic_l2,standard,,0.6163376670636536,0.39285714285714285,0.39285714285714285,0.3432424223521451,0.2815765356938117,0.27789522917248827,0.22441977321827936,-1.014884120966097,28,0.25,0.25,0.6428571428571429,0.42857142857142855,0.42857142857142855,0.35714285714285715,10,10
regression__missing_rows_interpolate__ridge_l2_alpha_10__highlight_weighted,regression,missing_rows_interpolate,ridge_l2_alpha_10,highlight_weighted,,0.615962098550077,0.42857142857142855,0.42857142857142855,0.5584192598121531,0.29050868865496715,0.3276179582043465,0.27807396297720477,-1.8004207761533242,28,0.32142857142857145,0.32142857142857145,0.5714285714285714,0.5,0.5714285714285714,0.5,10,10
regression__all_zeros_mean__elastic_net__highlight_weighted,regression,all_zeros_mean,elastic_net,highlight_weighted,,0.6089059343906325,0.5,0.5,0.41431385631244577,0.3118160881145602,0.35820797991347963,0.30840194704826046,-2.347791523011195,28,0.4642857142857143,0.4642857142857143,0.6428571428571429,0.5,0.6071428571428571,0.5,10,10
regression__missing_rows_interpolate__ridge_l2_alpha_100__standard,regression,missing_rows_interpolate,ridge_l2_alpha_100,standard,,0.6071545651848554,0.4642857142857143,0.4642857142857143,0.3535641359056249,0.2460442163888318,0.2810716387876989,0.24364111608999905,-1.0612085911182927,28,0.2857142857142857,0.2857142857142857,0.5714285714285714,0.5357142857142857,0.4642857142857143,0.4642857142857143,10,10
classifier__missing_rows_mean__logistic_l2__highlight_weighted,classifier,missing_rows_mean,logistic_l2,highlight_weighted,,0.6061218553011202,0.35714285714285715,0.35714285714285715,0.3415729795827077,0.3276897198509929,0.34880995455457364,0.28108400921833704,-2.1744291131998286,28,0.2857142857142857,0.2857142857142857,0.5714285714285714,0.35714285714285715,0.4642857142857143,0.42857142857142855,10,10
regression__missing_rows_interpolate__elastic_net__standard,regression,missing_rows_interpolate,elastic_net,standard,,0.6036221399005817,0.39285714285714285,0.39285714285714285,0.4198892048232968,0.26023449320760506,0.2968380807009379,0.2529820977313161,-1.2989372750083308,28,0.32142857142857145,0.32142857142857145,0.4642857142857143,0.42857142857142855,0.5357142857142857,0.5,10,10
regression__missing_rows_mean__elastic_net__standard,regression,missing_rows_mean,elastic_net,standard,,0.6005379837472165,0.42857142857142855,0.42857142857142855,0.33387322397184904,0.25552561805870433,0.29410981626386973,0.2510128594383519,-1.2568720180923751,28,0.2857142857142857,0.2857142857142857,0.6785714285714286,0.5714285714285714,0.5357142857142857,0.5,10,10
regression__all_zeros_mean__ridge_l2_alpha_100__highlight_weighted,regression,all_zeros_mean,ridge_l2_alpha_100,highlight_weighted,,0.5944839335289824,0.5714285714285714,0.5714285714285714,0.39703929173242614,0.3085933898412238,0.36079892628162646,0.3196914171103498,-2.3963963473009873,28,0.42857142857142855,0.42857142857142855,0.7142857142857143,0.5714285714285714,0.5714285714285714,0.4642857142857143,10,10
classifier__all_zeros_mean__logistic_l2__standard,classifier,all_zeros_mean,logistic_l2,standard,,0.5942573937443325,0.35714285714285715,0.35714285714285715,0.34945664294739304,0.26693387603684315,0.2734994975664068,0.2173268099957699,-0.9516456052215423,28,0.35714285714285715,0.35714285714285715,0.5357142857142857,0.39285714285714285,0.6071428571428571,0.5357142857142857,10,10
classifier__all_zeros_mean__logistic_l2__highlight_weighted,classifier,all_zeros_mean,logistic_l2,highlight_weighted,,0.593894048102311,0.39285714285714285,0.39285714285714285,0.33533505729023044,0.3394566391056328,0.373964801686751,0.3030384191407365,-2.6487940176876448,28,0.2857142857142857,0.2857142857142857,0.5357142857142857,0.39285714285714285,0.5,0.42857142857142855,10,10
regression__missing_rows_interpolate__ridge_l2_alpha_10__standard,regression,missing_rows_interpolate,ridge_l2_alpha_10,standard,,0.5872917356647263,0.42857142857142855,0.42857142857142855,0.405571106739072,0.26311373176367575,0.29921200895999106,0.25391051379544,-1.3358552813606441,28,0.32142857142857145,0.32142857142857145,0.5357142857142857,0.5,0.5357142857142857,0.5,10,10
regression__missing_rows_interpolate__ridge_l2_alpha_0.1__highlight_weighted,regression,missing_rows_interpolate,ridge_l2_alpha_0.1,highlight_weighted,,0.5866458103556546,0.4642857142857143,0.4642857142857143,0.3786041349590403,0.30692254939052366,0.3437786350901251,0.2841035935238732,-2.08351210868826,28,0.2857142857142857,0.2857142857142857,0.5714285714285714,0.5,0.5,0.42857142857142855,10,10
regression__missing_rows_mean__ridge_l2_alpha_10__standard,regression,missing_rows_mean,ridge_l2_alpha_10,standard,,0.5834656069152252,0.42857142857142855,0.42857142857142855,0.3271235288795568,0.2555091780451244,0.2941923160125177,0.25135269714658287,-1.2581383307271912,28,0.32142857142857145,0.32142857142857145,0.6785714285714286,0.5357142857142857,0.5714285714285714,0.5357142857142857,10,10
regression__missing_rows_mean__ridge_l2_alpha_1__highlight_weighted,regression,missing_rows_mean,ridge_l2_alpha_1,highlight_weighted,,0.5786189998628523,0.39285714285714285,0.39285714285714285,0.3558143993397886,0.304227015840445,0.3448408983457179,0.2928334269485164,-2.102597426190519,28,0.39285714285714285,0.39285714285714285,0.6785714285714286,0.5,0.6428571428571429,0.5714285714285714,10,10
regression__missing_rows_interpolate__ridge_l2_alpha_1__highlight_weighted,regression,missing_rows_interpolate,ridge_l2_alpha_1,highlight_weighted,,0.5567280907336353,0.39285714285714285,0.39285714285714285,0.39986649864593615,0.2978054786303974,0.3346889711513388,0.2785538028543173,-1.9226088513656885,28,0.2857142857142857,0.2857142857142857,0.5357142857142857,0.4642857142857143,0.5714285714285714,0.5357142857142857,10,10
regression__missing_rows_mean__ridge_l2_alpha_0.1__highlight_weighted,regression,missing_rows_mean,ridge_l2_alpha_0.1,highlight_weighted,,0.5523466754167565,0.32142857142857145,0.32142857142857145,0.31526783323823837,0.31962716522351237,0.3606515802294522,0.3049678430134405,-2.3936228168446005,28,0.39285714285714285,0.39285714285714285,0.5357142857142857,0.39285714285714285,0.6071428571428571,0.5357142857142857,10,10
regression__all_zeros_mean__ridge_l2_alpha_10__highlight_weighted,regression,all_zeros_mean,ridge_l2_alpha_10,highlight_weighted,,0.5458297147423614,0.39285714285714285,0.39285714285714285,0.342518985630182,0.31664097916313017,0.3639881871377204,0.31189065338222227,-2.456706218067314,28,0.42857142857142855,0.42857142857142855,0.5714285714285714,0.42857142857142855,0.5714285714285714,0.4642857142857143,10,10
regression__missing_rows_mean__ridge_l2_alpha_1__standard,regression,missing_rows_mean,ridge_l2_alpha_1,standard,,0.5368879382815067,0.39285714285714285,0.39285714285714285,0.3273777676132488,0.2653428847600329,0.30161866030506645,0.25331385759199343,-1.3735823587806615,28,0.35714285714285715,0.35714285714285715,0.6071428571428571,0.42857142857142855,0.5714285714285714,0.5,10,10
regression__missing_rows_interpolate__ridge_l2_alpha_1__standard,regression,missing_rows_interpolate,ridge_l2_alpha_1,standard,,0.5368554916580122,0.35714285714285715,0.35714285714285715,0.37618284039234506,0.2758951130264422,0.3121444903224667,0.26128433241702553,-1.542138684247714,28,0.32142857142857145,0.32142857142857145,0.5,0.42857142857142855,0.4642857142857143,0.42857142857142855,10,10
regression__all_zeros_mean__ridge_l2_alpha_100__standard,regression,all_zeros_mean,ridge_l2_alpha_100,standard,,0.5309581730412274,0.42857142857142855,0.42857142857142855,0.33308022643797985,0.252334565567808,0.2850312202448691,0.25013582709660637,-1.1196919789164625,28,0.32142857142857145,0.32142857142857145,0.5714285714285714,0.4642857142857143,0.5357142857142857,0.5,10,10
regression__all_zeros_mean__elastic_net__standard,regression,all_zeros_mean,elastic_net,standard,,0.5159368310468657,0.39285714285714285,0.39285714285714285,0.30394864425122914,0.26897366333127615,0.3055522749583301,0.2591547539760266,-1.4358970833031095,28,0.35714285714285715,0.35714285714285715,0.5,0.39285714285714285,0.5357142857142857,0.4642857142857143,10,10
regression__all_zeros_mean__ridge_l2_alpha_10__standard,regression,all_zeros_mean,ridge_l2_alpha_10,standard,,0.5138183145355177,0.39285714285714285,0.39285714285714285,0.29973273024133495,0.26924107423408844,0.3070078304322463,0.26084672672736914,-1.4591600641402067,28,0.35714285714285715,0.35714285714285715,0.5,0.39285714285714285,0.5,0.4642857142857143,10,10
regression__missing_rows_interpolate__ridge_l2_alpha_0.1__standard,regression,missing_rows_interpolate,ridge_l2_alpha_0.1,standard,,0.5104437753715003,0.32142857142857145,0.32142857142857145,0.324272353876654,0.28913863488693053,0.325757504959049,0.2690080234374573,-1.7687054287039863,28,0.32142857142857145,0.32142857142857145,0.42857142857142855,0.35714285714285715,0.42857142857142855,0.39285714285714285,10,10
regression__missing_rows_mean__ridge_l2_alpha_0.1__standard,regression,missing_rows_mean,ridge_l2_alpha_0.1,standard,,0.499222540023205,0.2857142857142857,0.2857142857142857,0.27755709008007273,0.2855947440910808,0.3219172369088686,0.2684320477711854,-1.7038111526228814,28,0.35714285714285715,0.35714285714285715,0.4642857142857143,0.35714285714285715,0.5357142857142857,0.4642857142857143,10,10
regression__all_zeros_mean__ridge_l2_alpha_1__highlight_weighted,regression,all_zeros_mean,ridge_l2_alpha_1,highlight_weighted,,0.4822131266757755,0.32142857142857145,0.32142857142857145,0.2913702116790727,0.31999660219234655,0.3653325624859262,0.30696248308255797,-2.4822877767317864,28,0.25,0.25,0.4642857142857143,0.35714285714285715,0.42857142857142855,0.42857142857142855,10,10
regression__all_zeros_mean__ridge_l2_alpha_0.1__highlight_weighted,regression,all_zeros_mean,ridge_l2_alpha_0.1,highlight_weighted,,0.45925650095468434,0.25,0.25,0.2740073855654158,0.32961454695549536,0.37402501680339983,0.31251300750965033,-2.6499691563384755,28,0.25,0.25,0.39285714285714285,0.32142857142857145,0.39285714285714285,0.39285714285714285,10,10
regression__all_zeros_mean__ridge_l2_alpha_1__standard,regression,all_zeros_mean,ridge_l2_alpha_1,standard,,0.42195576884123137,0.21428571428571427,0.21428571428571427,0.26427651293864807,0.28269824511038943,0.3202770323685898,0.2663141864740229,-1.6763288999786345,28,0.25,0.25,0.35714285714285715,0.32142857142857145,0.39285714285714285,0.39285714285714285,10,10
regression__all_zeros_mean__ridge_l2_alpha_0.1__standard,regression,all_zeros_mean,ridge_l2_alpha_0.1,standard,,0.39758536023203955,0.14285714285714285,0.14285714285714285,0.23907748627442382,0.29568041014664653,0.33402850184258626,0.27489481575023106,-1.9110853832473889,28,0.17857142857142858,0.17857142857142858,0.2857142857142857,0.25,0.32142857142857145,0.32142857142857145,10,10
